date,open,close,high,low,pe_ratio,turnover_rate,volume,turnover,change_rate,mid,max_inflow_price,max_inflow_volume,total_inflow_volume,max_outflow_price,max_outflow_volume,total_outflow_volume,inflow_vote,outflow_vote,flow_vote_ratio
2020-02-26,53.74,53.89,54.14,53.64,20.03,0.0,88500751,4920431539.0,-0.83,53.89,,,,,,,,,
2020-02-27,53.09,52.69,53.09,52.49,19.6,0.0,47341944,2574258299.0,-2.23,52.79,52.49,-4577700.0,0.0,52.64,-846824200.0,-1995962180.0,0,8,0.0
2020-02-28,51.64,51.44,51.69,51.29,19.15,0.0,68658071,3649883363.0,-2.37,51.49,51.59,30987400.0,38799420.0,51.39,-854173260.0,-2159484540.0,2,7,22.22
2020-03-02,50.79,51.09,51.24,50.79,19.02,0.0,45360511,2394214535.0,-0.68,51.02,51.04,-15463280.0,0.0,51.14,-548216420.0,-1269979920.0,0,9,0.0
2020-03-03,51.29,50.84,51.39,50.84,18.93,0.0,45432000,2394457651.0,-0.49,51.12,50.84,142173880.0,210974000.0,50.94,-292041300.0,-958575340.0,3,8,27.27
2020-03-04,50.04,49.64,50.24,49.09,18.5,0.0,78906347,4055211729.0,-2.36,49.67,49.29,19789700.0,47095340.0,49.99,-360996980.0,-2126064140.0,5,18,21.74
2020-03-05,49.84,50.09,50.39,49.79,18.66,0.0,53217412,2757020592.0,0.91,50.09,50.39,19364420.0,19364420.0,50.09,-195352880.0,-1054340840.0,1,11,8.33
2020-03-06,49.44,48.94,49.44,48.84,18.24,0.01,106618709,5408180172.0,-2.3,49.14,49.24,-25560920.0,0.0,48.94,-2084192880.0,-3857108380.0,0,11,0.0
2020-03-09,47.29,47.04,47.84,46.89,9.58,0.01,107572382,5273372274.0,-3.88,47.37,47.79,28824780.0,86856200.0,47.24,-389803880.0,-2660095300.0,5,14,26.32
2020-03-10,46.69,47.19,47.84,46.69,8.04,0.0,69125634,3384679298.0,0.32,47.27,47.04,133431700.0,250859120.0,47.19,-321805380.0,-1376763040.0,5,16,23.81
2020-03-11,47.49,46.94,47.49,46.89,17.53,0.0,54556159,2664332614.0,-0.53,47.19,47.49,33852500.0,33852500.0,46.94,-314393080.0,-1247406780.0,1,12,7.69
2020-03-12,46.29,44.94,46.29,44.79,16.81,0.0,93238456,4390262296.0,-4.26,45.54,45.59,115201860.0,236001800.0,44.94,-453610600.0,-2117587120.0,4,17,19.05
2020-03-13,40.29,43.99,44.39,40.29,16.47,0.01,127327773,5655697087.0,-2.11,42.34,41.44,167421200.0,919030840.0,40.29,-134500800.0,-1551412080.0,20,36,35.71
2020-03-16,42.29,42.09,43.04,41.89,15.8,0.0,91411722,4020102910.0,-4.32,42.47,42.69,42223160.0,79111740.0,42.09,-870267360.0,-1719599880.0,5,14,26.32
2020-03-17,43.29,43.24,43.79,42.14,16.22,0.0,61904936,2754086596.0,2.73,42.97,43.24,123850380.0,603491260.0,42.89,-69042800.0,-298379360.0,16,12,57.14
2020-03-18,43.49,42.84,44.79,42.44,16.07,0.0,63302201,2859069908.0,-0.93,43.62,42.84,201960300.0,806922300.0,42.54,-113605160.0,-467609180.0,28,18,60.87
2020-03-19,42.49,42.89,43.19,41.79,16.09,0.0,77249632,3422548768.0,0.12,42.49,42.89,232777500.0,615924980.0,41.99,-120968320.0,-350817680.0,11,14,44.0
2020-03-20,43.24,45.29,45.29,43.24,16.95,0.0,54043425,2480861470.0,5.6,44.27,45.29,241381640.0,838133180.0,43.69,-31135420.0,-95261580.0,21,7,75.0
2020-03-23,43.04,42.49,43.14,42.14,15.94,0.0,64238228,2839539997.0,-6.18,42.64,42.49,517914140.0,714399020.0,42.59,-173577380.0,-710447100.0,6,11,35.29
2020-03-24,43.29,43.39,43.49,42.74,16.27,0.0,35692754,1603002993.0,2.12,43.12,43.39,187026020.0,506878240.0,42.99,-18668020.0,-58756920.0,9,5,64.29
2020-03-25,44.39,44.59,44.89,43.29,16.7,0.0,46847802,2143756745.0,2.77,44.09,44.74,129781880.0,523465800.0,44.59,-86811540.0,-321364480.0,17,12,58.62
2020-03-26,44.24,43.99,44.24,43.34,16.49,0.0,29685401,1346955415.0,-1.35,43.79,43.99,71526980.0,129150220.0,43.64,-69834160.0,-254025660.0,5,9,35.71
2020-03-27,44.29,43.69,44.44,43.39,16.38,0.0,38499002,1752534588.0,-0.68,43.92,43.69,212997040.0,500685980.0,44.39,-66648560.0,-353862000.0,9,11,45.0
2020-03-30,43.09,42.79,43.44,42.39,16.05,0.0,51712032,2306110119.0,-2.06,42.92,42.79,471326120.0,741174440.0,43.09,-78966880.0,-366369180.0,6,15,28.57
2020-03-31,43.04,42.44,43.19,42.24,15.93,0.0,34812410,1537187914.0,-0.82,42.72,43.14,17009420.0,29782700.0,42.44,-100420420.0,-319926800.0,3,13,18.75
2020-04-01,39.29,38.24,39.99,38.09,14.41,0.01,212365103,8593189297.0,-9.9,39.04,38.24,367890920.0,1736640720.0,38.34,-683428160.0,-2662199420.0,18,19,48.65
2020-04-02,37.09,37.19,37.49,36.09,14.03,0.01,120204721,4628324489.0,-2.75,36.79,36.54,232384660.0,497711440.0,37.19,-264025340.0,-1592605040.0,7,20,25.93
2020-04-03,36.29,36.19,36.59,35.89,13.67,0.0,90173250,3424191922.0,-2.69,36.24,36.44,166580400.0,222253840.0,36.34,-303714520.0,-1335398180.0,4,8,33.33
2020-04-06,36.79,37.24,37.49,36.34,14.05,0.0,61129889,2365300713.0,2.9,36.92,37.24,82072200.0,330089420.0,37.29,-105692260.0,-393879080.0,11,12,47.83
2020-04-07,38.09,38.44,38.59,37.49,14.48,0.0,74051605,2944196209.0,3.22,38.04,38.44,169540140.0,611971920.0,37.99,-149106280.0,-535838160.0,12,10,54.55
2020-04-08,38.44,38.19,39.29,38.19,14.39,0.0,48475468,1951225465.0,-0.65,38.74,39.09,58319360.0,223483840.0,38.74,-87538540.0,-477173600.0,6,13,31.58
2020-04-09,38.74,39.29,39.34,38.49,14.79,0.0,40473133,1649566976.0,2.88,38.92,39.29,177004080.0,536393240.0,38.94,-38027440.0,-103628620.0,10,4,71.43
2020-04-14,39.29,39.74,40.19,39.14,14.95,0.0,36916865,1535769135.0,1.15,39.67,39.69,34544580.0,101826220.0,39.79,-53156520.0,-222334560.0,6,10,37.5
2020-04-15,39.59,38.89,40.04,38.89,14.65,0.0,29855944,1229130347.0,-2.14,39.47,39.84,68566220.0,240563200.0,38.89,-87243500.0,-251705000.0,13,9,59.09
2020-04-16,38.04,37.99,38.24,37.64,14.32,0.0,37385637,1482025087.0,-2.31,37.94,37.99,49062000.0,135364380.0,37.89,-85662580.0,-271934880.0,4,9,30.77
2020-04-17,38.09,37.79,38.59,37.74,14.25,0.0,52045136,2073616998.0,-0.53,38.17,38.34,70834280.0,224158120.0,38.24,-102690720.0,-466865120.0,6,12,33.33
2020-04-20,38.49,38.34,38.89,38.09,14.45,0.0,30234010,1214015078.0,1.46,38.49,38.49,52092100.0,167620120.0,38.29,-25301220.0,-88437160.0,8,8,50.0
2020-04-21,38.09,37.44,38.24,37.34,14.12,0.0,26649501,1046560525.0,-2.35,37.79,37.54,41401300.0,72696300.0,37.59,-99778000.0,-324134980.0,4,9,30.77
2020-04-22,36.74,37.14,37.24,36.64,14.02,0.0,30535516,1180964923.0,-0.8,36.94,37.24,7751840.0,7751840.0,36.89,-82160680.0,-418451440.0,1,12,7.69
2020-04-23,37.09,36.99,37.29,36.74,13.96,0.0,16392712,634463293.0,-0.4,37.02,36.99,43039460.0,57118960.0,37.09,-41830900.0,-159760020.0,3,8,27.27
2020-04-24,36.79,37.04,37.44,36.79,13.98,0.0,15509158,601900687.0,0.14,37.12,37.44,265620.0,265620.0,37.14,-35723700.0,-171446640.0,1,12,7.69
2020-04-27,37.24,37.79,37.94,37.09,14.25,0.0,29008804,1143496395.0,2.02,37.52,37.79,179894080.0,312521180.0,37.84,-96797160.0,-147963440.0,9,5,64.29
2020-04-28,38.39,38.24,38.69,37.34,14.41,0.0,54166077,2152382270.0,1.19,38.02,38.39,85479820.0,574826160.0,37.39,-163203380.0,-278796140.0,18,9,66.67
2020-04-29,38.89,38.54,39.04,38.44,14.52,0.0,34078050,1374965893.0,0.78,38.74,38.54,45963580.0,96156460.0,38.49,-21976560.0,-62500920.0,4,7,36.36
2020-05-04,37.29,36.89,37.29,36.89,13.92,0.0,53885337,2087784890.0,-4.28,37.09,37.24,4786980.0,4786980.0,36.94,-250509360.0,-994044640.0,1,8,11.11
2020-05-05,36.89,37.29,37.49,36.59,14.07,0.0,24186602,938709917.0,1.08,37.04,36.84,38095160.0,152512100.0,36.64,-69989460.0,-290272600.0,8,10,44.44
2020-05-06,36.79,37.29,37.44,36.79,14.07,0.0,32638886,1271621330.0,0.0,37.12,37.29,82484020.0,199173860.0,37.34,-19772040.0,-64864560.0,7,5,58.33
2020-05-07,36.99,37.14,37.29,36.84,14.02,0.0,23315862,905062514.0,-0.4,37.07,37.29,11641840.0,24054660.0,37.14,-111245960.0,-197536060.0,4,6,40.0
2020-05-08,37.59,37.84,38.04,37.44,14.27,0.0,19639628,776346585.0,1.88,37.74,37.84,78045180.0,110548960.0,37.79,-25330660.0,-60234620.0,6,3,66.67
2020-05-11,38.14,38.34,38.74,38.09,14.45,0.0,38970672,1565791510.0,1.32,38.42,38.39,114276460.0,416486760.0,38.24,-1642700.0,-1642700.0,12,1,92.31
2020-05-12,37.49,37.59,37.79,37.14,14.18,0.0,30960477,1210394605.0,-1.96,37.47,37.59,68852280.0,123064060.0,37.34,-100254200.0,-391921240.0,4,9,30.77
2020-05-13,37.29,37.19,37.74,36.99,14.03,0.0,30665368,1198578156.0,-1.06,37.37,37.19,44415380.0,49390440.0,37.34,-70611520.0,-351040200.0,2,12,14.29
2020-05-14,36.79,36.49,36.84,36.34,13.78,0.0,42920349,1644405008.0,-1.88,36.59,36.79,-30501220.0,0.0,36.64,-144958560.0,-818198880.0,0,9,0.0
2020-05-15,36.54,36.39,36.59,36.29,13.74,0.0,23336593,889500928.0,-0.27,36.44,36.54,17658720.0,17658720.0,36.39,-194035660.0,-428435880.0,1,5,16.67
2020-05-18,36.29,36.49,36.49,36.09,13.78,0.0,25621993,974032850.0,0.27,36.29,36.49,50102960.0,131688500.0,36.29,-145126820.0,-204973700.0,5,3,62.5
2020-05-19,37.64,37.74,37.94,37.39,14.23,0.0,43427634,1712215975.0,3.43,37.67,37.74,126497520.0,424129860.0,37.54,-40727820.0,-40727820.0,8,1,88.89
2020-05-20,37.39,36.74,37.49,36.69,13.87,0.0,28961827,1121324715.0,-2.65,37.09,37.14,43214200.0,110419960.0,37.04,-80413000.0,-253220940.0,4,11,26.67
2020-05-21,37.29,36.79,37.29,36.79,13.89,0.0,16663308,645387710.0,0.14,37.04,37.04,14634340.0,38905040.0,36.79,-45766840.0,-168819080.0,4,7,36.36
2020-05-22,35.89,34.14,35.99,33.74,12.93,0.01,122796430,4492067262.0,-7.2,34.87,35.24,110702240.0,191000540.0,34.14,-234724620.0,-2822582800.0,5,37,11.9
2020-05-25,33.84,33.99,34.09,33.29,12.88,0.0,48071226,1702673495.0,-0.44,33.69,33.49,34770800.0,104212980.0,33.69,-82190780.0,-367512140.0,4,12,25.0
2020-05-26,34.29,35.19,35.39,34.09,13.31,0.0,33450161,1225961650.0,3.53,34.74,35.24,78595960.0,287219660.0,34.74,-18141760.0,-110850440.0,11,10,52.38
2020-05-27,35.59,35.64,35.79,34.59,13.47,0.0,42822281,1588012519.0,1.28,35.19,35.44,92764060.0,466715980.0,35.64,-148482980.0,-221973080.0,12,5,70.59
2020-05-28,35.79,35.29,36.49,34.59,13.35,0.0,56105691,2085795450.0,-0.98,35.54,36.44,61769380.0,404522820.0,35.29,-127796280.0,-367527380.0,17,16,51.52
2020-05-29,34.59,34.14,34.74,34.14,12.93,0.0,41062941,1482787192.0,-3.26,34.44,34.59,35427680.0,72844300.0,34.29,-92466940.0,-474011220.0,4,8,33.33
2020-06-01,34.44,34.89,35.24,34.44,13.2,0.0,50234471,1833229772.0,2.2,34.84,34.44,41832780.0,151165660.0,34.74,-23524220.0,-98955760.0,5,7,41.67
2020-06-02,34.89,35.49,35.49,34.79,13.42,0.0,35840240,1324019693.0,1.72,35.14,35.29,82244020.0,304160540.0,35.24,-16560000.0,-42162720.0,9,3,75.0
2020-06-03,35.84,36.44,36.49,35.79,13.76,0.0,53534767,2027058571.0,2.68,36.14,36.44,148847940.0,767945520.0,36.09,-52498760.0,-52498760.0,12,1,92.31
2020-06-04,37.19,37.14,37.49,36.79,14.02,0.0,55254193,2143374767.0,1.92,37.14,37.39,103578480.0,369443340.0,37.14,-129825560.0,-372226400.0,11,3,78.57
2020-06-05,37.49,38.79,38.89,37.24,14.61,0.01,153403300,6147599626.0,4.44,38.07,37.69,170159060.0,1338211760.0,38.79,-2551207460.0,-2728216900.0,21,9,70.0
2020-06-08,39.39,39.29,39.69,38.74,14.79,0.0,102483973,4172606607.0,1.29,39.22,39.09,202395460.0,820536700.0,38.79,-46478740.0,-66046100.0,12,2,85.71
2020-06-09,39.49,38.64,39.49,38.44,14.56,0.0,50714655,2067074414.0,-1.65,38.97,39.29,144648340.0,454733940.0,38.59,-101073140.0,-268714420.0,9,12,42.86
2020-06-10,38.29,38.04,38.69,37.84,14.34,0.0,37035656,1477781338.0,-1.55,38.27,38.24,73946980.0,255791920.0,37.94,-64976940.0,-212285240.0,11,7,61.11
2020-06-11,37.39,36.14,37.69,36.14,13.65,0.0,49782928,1917097268.0,-4.99,36.92,37.34,53728100.0,213127300.0,36.14,-130530780.0,-506103100.0,13,17,43.33
2020-06-12,34.79,35.59,35.64,34.69,13.46,0.0,57848137,2137568920.0,-1.52,35.17,34.84,34255500.0,119798220.0,35.04,-118568480.0,-593608520.0,5,11,31.25
2020-06-15,34.89,34.79,35.49,34.59,13.17,0.0,46541938,1706101079.0,-2.25,35.04,35.34,26283940.0,54963280.0,34.79,-224914080.0,-867796020.0,5,13,27.78
2020-06-16,35.49,35.69,36.09,35.44,13.49,0.0,27383495,1027091242.0,2.59,35.77,35.74,33672880.0,130379020.0,35.64,-50739940.0,-148129480.0,7,5,58.33
2020-06-17,35.19,35.99,36.19,35.19,13.6,0.0,23795290,892667822.0,0.84,35.69,35.99,138597080.0,285140220.0,35.29,-20630360.0,-94368060.0,11,10,52.38
2020-06-18,35.29,35.39,35.39,34.89,13.38,0.0,32953207,1215356778.0,-1.67,35.14,35.39,62196640.0,136530240.0,35.24,-150064360.0,-549593560.0,3,7,30.0
2020-06-19,34.99,35.64,35.94,34.94,13.47,0.0,28062059,1040660289.0,0.71,35.44,35.64,95475380.0,292325680.0,35.54,-35563100.0,-67183420.0,13,6,68.42
2020-06-22,35.54,34.99,35.54,34.74,13.24,0.0,34982503,1286593939.0,-1.82,35.14,35.14,12359880.0,23976960.0,34.84,-135205900.0,-480782420.0,3,13,18.75
2020-06-23,34.89,35.74,35.74,34.39,13.51,0.0,30842507,1136699307.0,2.14,35.07,35.54,55260820.0,219789820.0,35.74,-86440320.0,-317269980.0,11,14,44.0
2020-06-24,35.94,35.29,36.19,35.29,13.35,0.0,19690551,733229282.0,-1.26,35.74,35.94,8373360.0,11962420.0,35.39,-62994700.0,-239119000.0,3,10,23.08
2020-06-26,35.34,34.99,35.59,34.99,13.24,0.0,17355031,641250832.0,-0.85,35.29,35.24,24866020.0,69263340.0,35.29,-49602980.0,-172441360.0,6,6,50.0
2020-06-29,35.14,34.34,35.14,34.19,13.0,0.0,36050517,1302515645.0,-1.86,34.67,34.59,17022400.0,32250820.0,34.39,-76826420.0,-309090500.0,3,12,20.0
2020-06-30,34.99,34.49,35.29,34.29,13.06,0.0,34167872,1245046104.0,0.44,34.79,35.19,60509940.0,194221900.0,34.49,-55271280.0,-283997180.0,8,12,40.0
2020-07-02,35.29,35.59,35.59,34.64,13.46,0.0,41239681,1519049923.0,3.19,35.12,35.34,67909080.0,332549360.0,35.04,-50884060.0,-200870300.0,9,10,47.37
2020-07-03,36.29,35.74,36.29,35.64,13.51,0.0,32270516,1214156897.0,0.42,35.97,35.84,53046340.0,282097460.0,36.19,-51859240.0,-66649920.0,10,4,71.43
2020-07-06,35.64,37.59,37.74,35.54,14.18,0.0,92943659,3598186620.0,5.18,36.64,36.44,109113800.0,920849160.0,37.59,-75404800.0,-342709060.0,28,14,66.67
2020-07-07,37.69,36.94,38.29,36.74,13.94,0.0,50906633,1988657640.0,-1.73,37.52,36.84,78733920.0,762710260.0,36.94,-37999560.0,-128843920.0,21,6,77.78
2020-07-08,36.79,35.29,36.84,35.29,13.35,0.0,57615592,2158020379.0,-4.47,36.07,35.94,38165360.0,121293840.0,35.44,-212847840.0,-789267500.0,6,19,24.0
2020-07-09,35.69,35.39,35.74,34.89,13.38,0.0,42788459,1582227829.0,0.28,35.32,35.24,85596080.0,202087260.0,34.99,-68046980.0,-236916020.0,6,11,35.29
2020-07-10,34.84,34.69,35.19,34.54,13.13,0.0,40678840,1483971164.0,-1.98,34.87,35.04,8758560.0,14369600.0,34.69,-225884180.0,-607505120.0,3,9,25.0
2020-07-13,35.24,35.54,36.09,35.14,13.44,0.0,41961306,1573802332.0,2.45,35.62,35.89,64608900.0,358097980.0,35.94,-33623060.0,-64112280.0,11,4,73.33
2020-07-14,35.29,35.14,35.29,34.74,13.29,0.0,29340450,1076375052.0,-1.13,35.02,35.14,30702760.0,30886120.0,34.89,-130151320.0,-348422300.0,2,9,18.18
2020-07-15,35.99,35.49,35.99,35.14,13.42,0.0,30334333,1128648579.0,1.0,35.57,35.99,37066640.0,98562700.0,35.24,-70734700.0,-226676040.0,6,9,40.0
2020-07-16,35.79,35.49,36.09,35.44,13.42,0.0,34854672,1304943738.0,0.0,35.77,36.04,58865900.0,241853900.0,35.54,-56965260.0,-134538940.0,8,5,61.54
2020-07-17,35.79,35.24,35.99,35.24,13.33,0.0,27243627,1014930312.0,-0.7,35.62,35.54,49038160.0,141066440.0,35.44,-77499100.0,-340229420.0,7,9,43.75
2020-07-20,34.79,34.89,35.14,34.59,13.2,0.0,19725597,722597661.0,-0.99,34.87,35.04,9669160.0,16203900.0,34.89,-103680280.0,-352259300.0,2,9,18.18
2020-07-21,35.09,35.79,35.84,34.99,13.53,0.0,26347668,978908489.0,2.58,35.42,35.79,94512940.0,265763460.0,35.09,-25238500.0,-84344600.0,10,6,62.5
2020-07-22,35.79,34.89,35.89,34.89,13.2,0.0,17722745,658176713.0,-2.51,35.39,35.64,22174440.0,54253620.0,34.89,-58989220.0,-157523100.0,6,11,35.29
2020-07-23,34.99,34.84,35.14,34.69,13.18,0.0,25017609,913720777.0,-0.14,34.92,34.99,15282260.0,15282260.0,34.74,-99403920.0,-251010340.0,1,8,11.11
2020-07-24,34.59,34.29,34.69,34.29,12.99,0.0,33100326,1194874817.0,-1.58,34.49,34.34,26365980.0,71662880.0,34.29,-84567920.0,-210560720.0,5,3,62.5
2020-07-27,34.34,33.64,34.44,33.34,12.75,0.0,50460079,1779665036.0,-1.9,33.89,33.54,24746380.0,94722480.0,33.44,-99435220.0,-332174000.0,7,11,38.89
2020-07-28,33.59,33.09,33.69,32.39,12.55,0.0,55264078,1913516726.0,-1.63,33.04,33.09,79636840.0,145498600.0,33.19,-94023380.0,-518184940.0,6,18,25.0
2020-07-29,33.29,34.04,34.09,33.24,12.9,0.0,53369121,1894890259.0,2.87,33.67,33.89,78287000.0,470552740.0,33.99,-71540060.0,-153939580.0,11,5,68.75
2020-07-30,34.49,33.94,34.94,33.74,12.86,0.0,57022034,2063111955.0,-0.29,34.34,34.89,114607940.0,360919920.0,34.59,-71866320.0,-348828400.0,12,12,50.0
2020-07-31,33.79,33.24,33.89,32.89,12.61,0.0,40579369,1418289418.0,-2.06,33.39,33.24,104472940.0,145320300.0,33.14,-98999380.0,-349727380.0,5,12,29.41
2020-08-03,33.29,31.69,33.49,31.24,12.05,0.0,94128800,3161299650.0,-4.66,32.37,31.74,47632260.0,207440160.0,32.04,-256674860.0,-1258133640.0,12,22,35.29
2020-08-04,31.79,31.94,32.24,30.39,12.14,0.0,99499346,3281758146.0,0.79,31.32,30.79,105522840.0,466070860.0,32.04,-130307280.0,-748570260.0,17,20,45.95
2020-08-05,31.94,32.24,32.34,31.74,12.25,0.0,30930388,1043812619.0,0.94,32.04,32.14,80936580.0,166523640.0,32.09,-47109940.0,-213112500.0,3,8,27.27
2020-08-06,32.19,31.79,32.19,31.39,12.08,0.0,31763955,1061416756.0,-1.4,31.79,31.79,32212440.0,107653760.0,31.49,-109219040.0,-271507740.0,6,10,37.5
2020-08-07,31.44,31.09,31.64,30.99,11.83,0.0,34633089,1139731271.0,-2.2,31.32,31.44,25997380.0,57625500.0,31.09,-95603840.0,-275610480.0,5,7,41.67
2020-08-10,31.19,31.39,31.74,31.04,11.94,0.0,29212182,967256233.0,0.96,31.39,31.34,70017120.0,239007580.0,31.09,-29161600.0,-51703220.0,8,5,61.54
2020-08-11,31.94,32.39,32.64,31.79,12.3,0.0,46196174,1567575848.0,3.19,32.22,32.34,100215200.0,334863920.0,32.19,-45622960.0,-83861540.0,10,6,62.5
2020-08-12,32.99,34.04,34.24,32.74,12.9,0.0,80302566,2832645828.0,5.09,33.49,33.34,143777160.0,917711160.0,33.24,-70426400.0,-313480780.0,18,9,66.67
2020-08-13,34.24,33.69,34.29,33.39,12.77,0.0,23680903,838267843.0,-1.03,33.84,33.49,28946360.0,120268060.0,33.69,-60008960.0,-127763240.0,6,9,40.0
2020-08-14,33.09,32.99,33.54,32.84,12.52,0.0,30190768,1051520538.0,-2.08,33.19,33.19,26766520.0,98017900.0,32.99,-154614860.0,-232091400.0,7,7,50.0
2020-08-17,33.04,32.89,33.44,32.69,12.48,0.0,21989053,763978986.0,-0.3,33.07,32.79,23208260.0,69890060.0,32.84,-38109820.0,-145033260.0,6,9,40.0
2020-08-18,32.69,32.54,32.79,32.24,12.36,0.0,25123460,858842541.0,-1.06,32.52,32.29,5344380.0,19495180.0,32.44,-112596880.0,-251344100.0,5,5,50.0
2020-08-19,32.44,32.44,32.54,32.04,12.32,0.0,15636288,532734933.0,-0.31,32.29,32.34,8973780.0,23471800.0,32.44,-42173540.0,-129798140.0,5,5,50.0
2020-08-20,32.19,31.94,32.29,31.79,12.14,0.0,27802988,935595420.0,-1.54,32.04,32.04,6938380.0,6938380.0,31.89,-80303960.0,-311637760.0,1,8,11.11
2020-08-21,31.94,31.94,32.29,31.79,12.14,0.0,17170736,578471257.0,0.0,32.04,32.04,25118840.0,51795880.0,31.94,-64101400.0,-127410720.0,7,4,63.64
2020-08-24,31.84,32.19,32.39,31.69,12.23,0.0,21339128,721483489.0,0.78,32.04,32.19,51809640.0,93343240.0,32.14,-75348500.0,-181378020.0,5,8,38.46
2020-08-25,32.54,32.64,33.29,32.54,12.39,0.0,26871069,929093914.0,1.4,32.92,32.99,23802520.0,108940480.0,32.64,-48999600.0,-138301040.0,8,7,53.33
2020-08-26,32.54,32.24,32.64,31.99,12.25,0.0,21197400,719641146.0,-1.23,32.32,32.19,27750100.0,51547840.0,32.14,-70277880.0,-205894400.0,4,8,33.33
2020-08-27,31.89,31.59,31.99,31.39,12.01,0.0,34614385,1152429129.0,-2.02,31.69,31.79,15249160.0,29308220.0,31.59,-243640560.0,-446483760.0,3,7,30.0
2020-08-28,31.79,32.29,32.69,31.64,12.26,0.0,40482849,1374934486.0,2.22,32.17,32.34,73163780.0,196923680.0,32.19,-69350260.0,-322617320.0,10,10,50.0
2020-08-31,32.69,32.09,33.04,32.09,12.19,0.0,22318799,765759860.0,-0.62,32.57,32.74,52455020.0,186594580.0,32.09,-43353880.0,-152190620.0,8,11,42.11
2020-09-01,31.44,31.79,32.09,31.44,12.08,0.0,25848470,865011686.0,-0.93,31.77,31.74,59002540.0,134688360.0,31.79,-105766260.0,-173191860.0,6,5,54.55
2020-09-02,31.39,31.44,31.64,31.04,11.96,0.0,29444977,972908297.0,-1.1,31.34,31.34,62917040.0,98038020.0,31.24,-55544300.0,-261603160.0,5,7,41.67
2020-09-03,31.19,31.74,31.74,31.09,12.07,0.0,23867676,789946731.0,0.95,31.42,31.59,16926200.0,27174880.0,31.19,-104116740.0,-312638500.0,2,11,15.38
2020-09-04,31.09,31.39,31.54,30.89,11.94,0.0,72546853,2390005394.0,-1.1,31.22,31.34,22528380.0,42219180.0,31.39,-1134896380.0,-1492036780.0,5,8,38.46
2020-09-07,31.59,31.14,31.84,31.09,11.85,0.0,25566335,845075288.0,-0.8,31.47,31.79,27671220.0,74644000.0,31.24,-31759400.0,-90046140.0,6,8,42.86
2020-09-08,31.39,31.29,31.49,31.04,11.9,0.0,17394462,573957118.0,0.48,31.27,31.29,3905600.0,3905600.0,31.19,-33733680.0,-142387080.0,1,8,11.11
2020-09-09,30.79,30.99,30.99,30.59,11.8,0.0,26236143,851603198.0,-0.96,30.79,30.94,24364160.0,29319580.0,30.64,-149936300.0,-443615660.0,2,7,22.22
2020-09-10,31.09,30.69,31.19,30.69,11.69,0.0,18575277,604108064.0,-0.97,30.94,30.84,5722360.0,9313200.0,30.69,-59690220.0,-177389840.0,3,5,37.5
2020-09-11,30.44,30.54,30.74,30.44,11.63,0.0,15186566,490137739.0,-0.49,30.59,30.64,19898500.0,23178860.0,30.54,-78968580.0,-144003560.0,2,4,33.33
2020-09-14,30.44,30.49,30.59,30.39,11.62,0.0,14059388,452399818.0,-0.16,30.49,30.54,44688500.0,81014160.0,30.44,-95727780.0,-95727780.0,4,1,80.0
2020-09-15,30.34,30.34,30.59,30.29,11.56,0.0,16221187,520864129.0,-0.49,30.44,30.39,69684900.0,100712360.0,30.34,-52775180.0,-88182880.0,2,5,28.57
2020-09-16,30.29,30.04,30.44,29.94,11.45,0.0,24685970,785399174.0,-0.99,30.19,29.99,39477360.0,53727020.0,30.04,-36108480.0,-111962880.0,3,6,33.33
2020-09-17,30.04,29.19,30.04,29.09,11.15,0.0,40160066,1246384824.0,-2.83,29.57,29.24,35276880.0,38872820.0,29.14,-104740740.0,-365392680.0,2,17,10.53
2020-09-18,29.19,29.24,29.69,29.14,11.16,0.0,34257441,1062141913.0,0.17,29.42,29.29,36452100.0,111226660.0,29.24,-406720240.0,-472400440.0,7,4,63.64
2020-09-21,28.54,27.59,28.74,27.59,10.57,0.01,120212774,3608032055.0,-5.64,28.17,28.24,198210000.0,510108720.0,28.19,-108986340.0,-458525560.0,8,10,44.44
2020-09-22,26.79,26.99,27.09,26.59,10.35,0.0,87310269,2490565122.0,-2.17,26.84,26.99,48683600.0,102557460.0,26.74,-196230320.0,-511409200.0,3,7,30.0
2020-09-23,26.74,27.04,27.09,25.79,10.37,0.01,109384367,3083283155.0,0.19,26.44,26.29,102134760.0,358963980.0,26.49,-134024040.0,-732591420.0,12,13,48.0
2020-09-24,26.74,26.89,26.94,26.19,10.32,0.0,63528729,1793351481.0,-0.55,26.57,26.89,93832260.0,308379980.0,26.29,-126894640.0,-308970040.0,6,8,42.86
2020-09-25,26.84,26.49,26.99,26.19,10.17,0.0,42465827,1200834677.0,-1.49,26.59,26.64,51396580.0,170263380.0,26.49,-98337280.0,-257167060.0,9,7,56.25
2020-09-28,26.64,29.09,29.59,26.54,11.11,0.01,150402170,4554719716.0,9.81,28.07,29.39,120313580.0,918836700.0,29.09,-149682600.0,-746014320.0,30,25,54.55
2020-09-29,29.14,28.29,29.69,28.29,10.82,0.0,55920302,1704505524.0,-2.75,28.99,28.59,34564700.0,152441460.0,28.49,-116324280.0,-478392980.0,10,16,38.46
2020-09-30,28.79,28.09,28.79,27.94,10.75,0.0,35285507,1056149717.0,-0.71,28.37,28.09,32914680.0,79863600.0,28.39,-74482500.0,-254141140.0,4,10,28.57
2020-10-05,28.99,29.29,30.19,28.99,11.18,0.0,69650604,2177848467.0,4.27,29.59,29.44,117110580.0,505192380.0,29.59,-77558280.0,-207230880.0,15,7,68.18
2020-10-06,29.39,29.34,29.49,29.04,11.2,0.0,28877682,894892182.0,0.17,29.27,29.34,37303160.0,56790880.0,29.29,-60959960.0,-157803440.0,4,4,50.0
2020-10-07,29.34,29.84,29.89,29.29,11.38,0.0,29318889,921194299.0,1.7,29.59,29.84,108745620.0,241253820.0,29.54,-10916380.0,-32392420.0,8,4,66.67
2020-10-08,30.09,29.69,30.09,29.49,11.33,0.0,15582313,488869921.0,-0.5,29.79,29.79,7048500.0,10673700.0,29.64,-46001100.0,-152878840.0,2,6,25.0
2020-10-09,29.79,29.74,29.84,29.29,11.34,0.0,20790756,651111338.0,0.17,29.57,29.74,14226560.0,15927560.0,29.59,-48296920.0,-119841020.0,2,8,20.0
2020-10-12,29.69,29.74,29.99,29.34,11.35,0.0,33931078,1066464792.0,0.0,29.67,29.74,79421880.0,184589380.0,29.89,-32929280.0,-80757820.0,7,7,50.0
2020-10-14,29.19,28.79,29.19,28.44,11.01,0.0,31480937,960379122.0,-3.19,28.82,28.64,47761060.0,76735520.0,28.79,-111644960.0,-314910220.0,2,11,15.38
2020-10-15,28.29,28.19,28.89,27.99,10.79,0.0,41648851,1254818844.0,-2.08,28.44,28.34,37351160.0,124528960.0,28.24,-53412300.0,-223915340.0,8,9,47.06
2020-10-16,28.14,28.44,28.59,28.04,10.88,0.0,18962836,570727167.0,0.89,28.32,28.54,6988320.0,13099440.0,28.44,-56493060.0,-105940640.0,2,7,22.22
2020-10-19,28.79,29.19,29.49,28.79,11.15,0.0,28515009,879839046.0,2.64,29.14,28.99,62475040.0,142753780.0,28.84,-29058920.0,-87125080.0,9,5,64.29
2020-10-20,28.94,29.09,29.49,28.74,11.12,0.0,22502287,689498751.0,-0.34,29.12,29.19,10282080.0,26131480.0,28.94,-55020840.0,-172245460.0,4,7,36.36
2020-10-21,29.14,29.34,29.64,29.09,11.2,0.0,17002007,528374247.0,0.86,29.37,29.54,22186440.0,28936960.0,29.44,-28928420.0,-104849700.0,2,9,18.18
2020-10-22,29.19,29.54,29.59,29.04,11.28,0.0,22072777,686901054.0,0.68,29.32,29.44,-2401620.0,0.0,29.34,-60710040.0,-192226820.0,0,8,0.0
2020-10-23,29.54,30.54,31.09,29.39,11.64,0.0,67908927,2184169043.0,3.38,30.24,30.59,89648840.0,458461820.0,30.54,-158290920.0,-401583180.0,19,14,57.58
2020-10-27,30.69,32.09,32.29,30.49,12.2,0.01,106318304,3547232464.0,5.07,31.39,32.14,201614800.0,646778440.0,31.99,-93537620.0,-699781600.0,16,18,47.06
2020-10-28,31.84,30.94,31.84,30.64,11.78,0.0,51755011,1695819383.0,-3.58,31.24,31.24,42126660.0,77378400.0,30.94,-231665600.0,-597510820.0,4,10,28.57
2020-10-29,29.99,30.59,30.74,29.94,11.66,0.0,32120556,1034518870.0,-1.13,30.34,30.14,34030380.0,49929480.0,30.49,-99579560.0,-221366320.0,5,8,38.46
2020-10-30,30.79,30.39,30.99,30.09,11.58,0.0,31133678,1001165226.0,-0.65,30.54,30.39,56776060.0,115498120.0,30.69,-51822680.0,-310070120.0,5,13,27.78
2020-11-02,30.44,31.09,31.29,30.44,11.84,0.0,34326565,1124596417.0,2.3,30.87,31.29,12578820.0,21226360.0,31.09,-80401760.0,-302684200.0,5,9,35.71
2020-11-03,31.49,32.09,32.29,31.39,12.2,0.0,47342668,1600290812.0,3.22,31.84,32.09,169916640.0,269900280.0,31.99,-103980980.0,-216337020.0,7,5,58.33
2020-11-04,32.89,32.09,33.39,32.09,12.2,0.0,81474334,2816603615.0,0.0,32.74,33.04,123049180.0,409622160.0,32.79,-209829320.0,-874543680.0,7,15,31.82
2020-11-05,32.34,32.44,32.74,31.69,12.32,0.0,46078997,1564211654.0,1.09,32.22,32.44,59995420.0,134599760.0,32.19,-56742440.0,-352310840.0,4,15,21.05
2020-11-06,32.19,32.99,33.29,32.19,12.52,0.0,41024413,1422798474.0,1.7,32.74,32.54,13269940.0,40213380.0,32.94,-56547260.0,-252080440.0,7,13,35.0
2020-11-09,33.34,33.14,33.59,32.94,12.58,0.0,28966377,1010163986.0,0.45,33.27,33.34,10710800.0,20928080.0,33.14,-159725560.0,-500341400.0,2,10,16.67
2020-11-10,35.64,35.99,35.99,34.99,13.6,0.01,116830209,4334100938.0,8.6,35.49,35.29,599112420.0,1545195700.0,35.24,-191738100.0,-427414200.0,12,5,70.59
2020-11-11,36.29,37.54,37.64,36.19,14.16,0.0,97089785,3780943742.0,4.31,36.92,36.29,180239740.0,486811180.0,37.59,-76228760.0,-405176740.0,10,12,45.45
2020-11-12,37.69,36.64,37.99,36.29,13.84,0.0,45560983,1755657314.0,-2.4,37.14,36.59,34228400.0,178386140.0,36.94,-71136040.0,-382273740.0,10,13,43.48
2020-11-13,35.84,35.54,35.84,34.99,13.44,0.0,41586505,1541084602.0,-3.0,35.42,35.29,112225760.0,240545360.0,35.24,-102294580.0,-331470560.0,4,9,30.77
2020-11-16,36.29,37.09,37.29,36.29,14.0,0.0,36533520,1409497144.0,4.36,36.79,37.09,84413780.0,351022100.0,37.14,-14329940.0,-42331660.0,12,5,70.59
2020-11-17,37.54,37.54,37.64,36.79,14.16,0.0,42547668,1660559068.0,1.21,37.22,37.49,114498780.0,285819480.0,37.29,-70213480.0,-291486420.0,4,10,28.57
2020-11-18,37.09,37.49,37.74,36.89,14.15,0.0,36579851,1432141093.0,-0.13,37.32,37.54,48955240.0,128448240.0,37.49,-73032320.0,-205542540.0,9,7,56.25
2020-11-19,37.59,37.39,38.09,37.39,14.11,0.0,30734201,1211679239.0,-0.27,37.74,37.89,76316000.0,123779780.0,37.39,-83667480.0,-195747140.0,6,5,54.55
2020-11-20,37.39,37.19,37.49,36.89,14.04,0.0,20277468,787614938.0,-0.53,37.19,37.09,25385720.0,30530300.0,37.04,-49600180.0,-162238640.0,2,7,22.22
2020-11-23,37.54,37.64,37.74,37.09,14.2,0.0,18219561,712070892.0,1.21,37.42,37.64,76644160.0,151011640.0,37.29,-62870420.0,-171510140.0,8,5,61.54
2020-11-24,37.94,38.04,38.04,37.64,14.34,0.0,24252795,960024724.0,1.06,37.84,38.04,105588760.0,170068340.0,37.89,-40776440.0,-90659900.0,4,4,50.0
2020-11-25,39.34,40.64,41.24,39.34,15.28,0.01,107805377,4544121841.0,6.83,40.29,40.64,204773400.0,1660269140.0,40.14,-55252560.0,-197916880.0,22,7,75.86
2020-11-26,39.94,40.29,40.74,39.49,15.16,0.0,56764441,2390060612.0,-0.86,40.12,40.19,66347240.0,285111760.0,40.29,-93954320.0,-464264580.0,8,13,38.1
2020-11-27,39.59,40.29,40.54,39.34,15.16,0.0,48916847,2043160684.0,0.0,39.94,39.79,52208120.0,242504760.0,40.29,-211094180.0,-446964880.0,12,12,50.0
2020-11-30,40.29,39.79,40.34,39.59,14.98,0.0,35056130,1460846109.0,-1.24,39.97,40.04,55601540.0,101667060.0,39.79,-142176220.0,-435080480.0,4,11,26.67
2020-12-01,38.99,39.29,39.84,38.79,14.8,0.0,48696915,2000825102.0,-1.26,39.32,38.94,25947080.0,137106040.0,39.49,-171386620.0,-741284780.0,8,13,38.1
2020-12-02,40.24,40.79,41.29,40.24,15.34,0.0,57225027,2437218651.0,3.82,40.77,40.94,133383840.0,827091620.0,40.79,-83068280.0,-128892180.0,16,4,80.0
2020-12-03,41.34,41.69,42.09,41.14,15.66,0.0,43365022,1882467952.0,2.21,41.62,41.94,90848920.0,232754380.0,41.29,-46722220.0,-132789120.0,8,9,47.06
2020-12-04,42.19,42.04,42.29,41.09,15.79,0.0,78097207,3406250012.0,0.84,41.69,42.04,1818403860.0,1952045420.0,42.14,-115056680.0,-426866920.0,10,13,43.48
2020-12-07,42.09,41.19,42.29,40.89,15.48,0.0,38401366,1653525548.0,-2.02,41.59,41.34,63856060.0,235546760.0,41.19,-84534880.0,-346582700.0,9,11,45.0
2020-12-08,40.59,39.64,40.74,39.29,14.92,0.0,47719149,1975101212.0,-3.76,40.02,39.34,83617020.0,338509020.0,39.94,-82265720.0,-246631500.0,11,10,52.38
2020-12-09,39.54,40.04,40.54,39.54,15.07,0.0,26247730,1098464713.0,1.01,40.04,40.29,44824940.0,131757560.0,40.04,-69901180.0,-198083820.0,9,10,47.37
2020-12-10,39.69,40.19,40.19,39.59,15.12,0.0,13294583,554244427.0,0.37,39.89,40.19,113061680.0,161780740.0,39.89,-47441020.0,-89833040.0,6,6,50.0
2020-12-11,40.64,39.94,41.09,39.94,15.03,0.0,29090034,1225768356.0,-0.62,40.52,40.19,36251920.0,171961220.0,39.94,-118624620.0,-230969000.0,13,8,61.9
2020-12-14,39.94,39.64,40.04,39.19,14.92,0.0,32650410,1344684808.0,-0.75,39.62,39.64,121301780.0,189387460.0,39.24,-130296820.0,-328043920.0,7,11,38.89
2020-12-15,39.84,39.29,39.84,38.94,14.8,0.0,38355782,1566450313.0,-0.88,39.39,39.24,51270780.0,185915180.0,39.04,-62848080.0,-152724760.0,8,10,44.44
2020-12-16,39.89,39.59,40.24,39.39,14.9,0.0,34039265,1409025012.0,0.76,39.82,40.19,76832680.0,183207940.0,39.59,-156264760.0,-429328820.0,7,10,41.18
2020-12-17,39.54,39.99,39.99,39.19,15.05,0.0,21812272,899576882.0,1.01,39.59,39.74,35572520.0,199634040.0,39.99,-56627520.0,-90288200.0,13,4,76.47
2020-12-18,39.59,39.44,39.79,39.19,14.85,0.0,16213637,666713294.0,-1.38,39.49,39.34,33332660.0,48120180.0,39.44,-144256480.0,-230857020.0,5,6,45.45
2020-12-21,38.79,37.79,38.89,37.69,14.25,0.0,43011048,1706552659.0,-4.18,38.29,38.19,31206760.0,79983660.0,37.79,-159728140.0,-485539720.0,5,13,27.78
2020-12-22,37.44,37.74,38.14,37.19,14.24,0.0,20537983,807698418.0,-0.13,37.67,37.39,55916520.0,175493680.0,38.09,-24022980.0,-46141660.0,13,6,68.42
2020-12-23,37.64,37.84,38.09,37.49,14.27,0.0,11058184,436564047.0,0.26,37.79,37.69,19996600.0,35314340.0,37.64,-27072200.0,-94548660.0,5,6,45.45
2020-12-24,38.49,38.39,38.99,38.34,14.47,0.0,17342743,699642219.0,1.45,38.67,38.74,74900600.0,181934560.0,38.54,-55299400.0,-153552780.0,6,7,46.15
2020-12-28,38.49,38.29,38.84,38.04,14.44,0.0,34795081,1391052434.0,-0.26,38.44,38.29,86395900.0,155750320.0,38.24,-159386420.0,-203114040.0,2,5,28.57
2020-12-29,38.14,38.54,38.54,37.84,14.52,0.0,18625915,744661036.0,0.65,38.19,38.54,88280980.0,164680360.0,37.84,-21259320.0,-116339320.0,4,9,30.77
2020-12-30,38.29,38.89,39.09,37.99,14.65,0.0,19366003,780847875.0,0.91,38.54,38.94,32309100.0,136282840.0,38.89,-56061860.0,-116600480.0,11,8,57.89
2020-12-31,38.84,39.04,39.19,38.54,14.7,0.0,10484673,426040661.0,0.39,38.87,39.04,49774600.0,89251460.0,38.59,-11679220.0,-45470660.0,7,7,50.0
2021-01-04,38.59,38.74,38.89,38.19,14.6,0.0,20433690,823995036.0,-0.77,38.54,38.69,14442840.0,53519120.0,38.59,-25566800.0,-65339140.0,8,6,57.14
2021-01-05,38.29,38.44,38.84,38.04,14.49,0.0,17133338,689834256.0,-0.77,38.44,38.59,45944480.0,88794280.0,38.44,-34019180.0,-137571280.0,4,10,28.57
2021-01-06,38.44,39.79,40.04,38.09,14.98,0.0,37778767,1547211108.0,3.51,39.07,39.79,95060900.0,590340700.0,38.24,-41867700.0,-141525320.0,20,13,60.61
2021-01-07,41.79,41.69,42.09,41.14,15.66,0.0,71074555,3077993259.0,4.77,41.62,41.69,208003900.0,910970920.0,41.29,-54002520.0,-95190100.0,12,4,75.0
2021-01-08,41.99,41.69,41.99,40.84,15.66,0.0,36759304,1587631269.0,0.0,41.42,41.74,127200000.0,349491300.0,41.29,-40148280.0,-147859120.0,13,6,68.42
2021-01-11,41.34,41.29,41.54,40.79,15.52,0.0,20501368,877840051.0,-0.96,41.17,41.29,94844680.0,149478500.0,40.94,-31069840.0,-88201060.0,4,7,36.36
2021-01-12,41.09,41.54,41.69,41.04,15.61,0.0,20905160,902157356.0,0.61,41.37,41.64,70514640.0,228864680.0,41.54,-57050540.0,-131341200.0,4,8,33.33
2021-01-13,41.54,41.04,41.69,40.84,15.43,0.0,29411073,1258360021.0,-1.2,41.27,41.04,32326440.0,94638320.0,40.94,-33035000.0,-116212660.0,10,7,58.82
2021-01-14,40.94,41.29,41.34,40.39,15.52,0.0,19806325,844162397.0,0.61,40.87,41.24,36123020.0,104344880.0,40.54,-31448520.0,-143432720.0,9,11,45.0
2021-01-15,41.44,41.24,41.59,40.99,15.5,0.0,24016989,1032449061.0,-0.12,41.29,41.29,73201980.0,102885560.0,41.24,-246584860.0,-422212500.0,3,9,25.0
2021-01-18,40.59,40.34,40.59,39.89,15.18,0.0,35136246,1473681231.0,-2.18,40.24,40.39,27602700.0,58550900.0,40.34,-103827680.0,-344810960.0,3,8,27.27
2021-01-19,40.49,42.09,42.19,40.49,15.81,0.0,55904213,2425948612.0,4.34,41.34,42.09,223764120.0,908697820.0,40.94,-17111460.0,-39587040.0,24,6,80.0
2021-01-20,41.64,41.54,42.24,41.34,15.61,0.0,29536761,1283167739.0,-1.31,41.79,42.04,39927180.0,140566360.0,41.54,-126398300.0,-256736200.0,9,9,50.0
2021-01-21,41.69,42.64,43.09,41.59,16.0,0.0,58585221,2596267463.0,2.65,42.34,42.69,174758280.0,818369680.0,42.64,-62917680.0,-164892400.0,17,7,70.83
2021-01-22,42.54,41.49,42.59,41.34,15.59,0.0,26850952,1168224377.0,-2.7,41.97,41.49,72142500.0,235451240.0,42.34,-25975060.0,-145700300.0,13,12,52.0
2021-01-25,41.64,41.09,41.69,40.79,15.44,0.0,22936873,980902345.0,-0.96,41.24,41.09,105183860.0,129439160.0,40.89,-84952380.0,-202449960.0,5,8,38.46
2021-01-26,40.69,40.49,41.09,40.19,15.23,0.0,23091145,974597798.0,-1.46,40.64,40.74,14215940.0,53164900.0,40.49,-59920040.0,-193319060.0,8,9,47.06
2021-01-27,41.04,41.04,41.69,40.59,15.43,0.0,19910229,850469448.0,1.36,41.14,41.39,39138840.0,162666080.0,41.04,-75158380.0,-173857660.0,10,9,52.63
2021-01-28,40.59,39.84,40.74,39.64,14.99,0.0,36935168,1538706730.0,-2.92,40.19,40.24,14227400.0,45221720.0,39.69,-59046420.0,-191295740.0,7,11,38.89
2021-01-29,39.89,39.24,40.19,39.09,14.78,0.0,30804534,1263396638.0,-1.51,39.64,39.29,78441900.0,126284280.0,39.24,-181572720.0,-389017960.0,6,8,42.86
2021-02-01,38.89,39.04,39.44,38.39,14.7,0.0,25140139,1020815358.0,-0.51,38.92,39.14,53200320.0,175057260.0,39.04,-61470320.0,-178316240.0,8,11,42.11
2021-02-02,38.94,39.24,39.39,38.84,14.78,0.0,18957865,773302729.0,0.51,39.12,38.99,40349960.0,57315140.0,39.09,-56966500.0,-189753500.0,4,7,36.36
2021-02-03,39.24,39.64,39.74,38.89,14.92,0.0,22026816,902004193.0,1.02,39.32,39.64,72295400.0,226138460.0,39.49,-16428600.0,-39382580.0,12,4,75.0
2021-02-04,39.09,39.29,40.49,38.99,14.8,0.0,24852170,1024064546.0,-0.88,39.74,39.34,40219120.0,134302340.0,39.14,-61971380.0,-223097880.0,12,15,44.44
2021-02-05,39.99,39.99,40.69,39.69,15.05,0.0,29839423,1246921274.0,1.78,40.19,40.29,37078380.0,173818280.0,39.99,-63354680.0,-120873240.0,13,5,72.22
2021-02-08,40.09,39.64,40.24,39.39,14.92,0.0,17954523,742995482.0,-0.88,39.82,39.64,52026680.0,72591800.0,39.49,-22956140.0,-126167700.0,5,11,31.25
2021-02-09,39.54,39.99,40.19,39.54,15.05,0.0,17026295,709237549.0,0.88,39.87,39.89,12593740.0,34417720.0,39.99,-50744640.0,-135316460.0,4,8,33.33
2021-02-10,40.79,40.89,41.29,40.54,15.37,0.0,23428359,998369318.0,2.25,40.92,41.14,58169840.0,171187780.0,40.89,-66984600.0,-176126800.0,7,7,50.0
2021-02-11,40.79,40.79,41.14,40.59,15.34,0.0,10316120,438570159.0,-0.24,40.87,40.99,21307560.0,54833960.0,40.79,-67195100.0,-108825620.0,4,7,36.36
2021-02-16,42.44,44.04,44.04,42.24,16.51,0.0,90085953,4036220730.0,7.97,43.14,44.04,225085480.0,1439335340.0,43.14,-115772440.0,-209694160.0,24,6,80.0
2021-02-17,44.29,44.34,44.99,43.84,16.62,0.0,67314629,3111782882.0,0.68,44.42,44.64,69123520.0,235864440.0,44.34,-66277780.0,-245071720.0,11,9,55.0
2021-02-18,45.09,44.69,45.09,43.94,16.74,0.0,45469560,2103114034.0,0.79,44.52,45.09,63311040.0,298019960.0,44.59,-49492060.0,-193412360.0,10,11,47.62
2021-02-19,43.99,43.84,43.99,43.09,16.44,0.0,31829216,1441168487.0,-1.9,43.54,43.39,42114380.0,91274780.0,43.84,-100209680.0,-391137280.0,5,13,27.78
2021-02-22,44.69,44.79,45.09,44.09,16.78,0.0,54301785,2516681927.0,2.17,44.59,44.94,86615120.0,310769600.0,44.49,-97790660.0,-312951580.0,12,8,60.0
2021-02-23,45.29,44.99,47.79,44.79,16.85,0.01,103770263,4935672492.0,0.45,46.29,47.29,368512460.0,1470840420.0,46.34,-201285580.0,-1206317960.0,24,17,58.54
2021-02-24,44.44,44.39,44.89,43.89,23.53,0.0,60287540,2776474178.0,-1.33,44.39,44.39,148541000.0,673788080.0,44.14,-102181800.0,-291922660.0,13,6,68.42
2021-02-25,45.79,45.94,46.59,45.54,24.32,0.0,67926724,3246948347.0,3.49,46.07,45.94,151848400.0,972271120.0,46.39,-59386720.0,-106396180.0,16,4,80.0
2021-02-26,45.79,45.59,45.94,44.74,24.14,0.0,51003641,2409876165.0,-0.76,45.34,45.89,78974860.0,366501660.0,45.49,-52048220.0,-401626160.0,9,15,37.5
2021-03-01,44.79,44.39,44.99,43.64,23.53,0.0,40401581,1857702608.0,-2.63,44.32,44.39,146556200.0,260297740.0,44.19,-63504280.0,-471182820.0,6,13,31.58
2021-03-02,43.79,43.34,44.19,42.79,23.0,0.0,40008344,1800597211.0,-2.37,43.49,43.24,71054780.0,241657140.0,43.59,-63845300.0,-317458720.0,11,13,45.83
2021-03-03,44.14,44.54,44.69,43.94,23.63,0.0,28011412,1288628052.0,2.77,44.32,44.39,105259940.0,350033470.0,44.09,-40101120.0,-120510440.0,9,6,60.0
2021-03-04,44.64,44.84,44.99,43.94,23.79,0.0,21548948,994395366.0,0.67,44.47,44.84,83511620.0,207016260.0,44.64,-48992060.0,-200513720.0,10,9,52.63
2021-03-05,44.59,44.39,44.59,43.79,23.56,0.0,21428414,985524215.0,-1.0,44.19,44.14,13587040.0,72780770.0,44.09,-58896300.0,-158625180.0,8,8,50.0
2021-03-08,45.39,46.04,46.59,45.19,24.4,0.0,51294826,2445570677.0,3.72,45.89,46.04,188460735.6,674332756.4,45.24,-54915580.0,-227068270.8,15,9,62.5
2021-03-09,47.19,47.04,47.59,46.39,24.91,0.0,56519527,2750131797.0,2.17,46.99,47.39,294988680.0,815955249.6,46.79,-76451591.6,-445408340.40000004,10,9,52.63
2021-03-10,46.19,46.04,46.29,45.24,24.4,0.0,33606378,1596370497.0,-2.13,45.77,46.04,80396610.0,219906730.0,45.69,-72571800.0,-279995273.6,8,10,44.44
2021-03-11,46.26,46.36,46.76,46.01,23.96,0.0,26835956,1258283759.0,0.68,46.38,46.41,50632800.0,76415575.0,46.36,-109066860.0,-214081840.0,5,9,35.71
2021-03-12,45.51,45.21,45.76,45.16,23.38,0.0,32823310,1508058107.0,-2.48,45.46,45.56,31068861.2,92018559.2,45.21,-484651720.0,-760749446.0,4,8,33.33
2021-03-15,45.46,45.96,45.96,45.21,23.8,0.0,31990973,1475767204.0,1.66,45.58,45.96,89347700.0,301745740.0,45.86,-62645560.0,-116718160.0,11,5,68.75
2021-03-16,45.46,45.26,45.46,44.91,23.44,0.0,25064888,1147464728.0,-1.52,45.18,45.41,10360787.600000001,10360787.600000001,45.06,-60750805.3,-332992810.49999994,1,10,9.09
2021-03-17,45.16,45.21,45.46,44.81,23.41,0.0,13007099,594985598.0,-0.11,45.13,45.36,29514296.8,61303384.4,45.21,-24945530.8,-87113323.19999999,5,7,41.67
2021-03-18,45.81,46.26,46.26,45.56,23.95,0.0,25189024,1169444781.0,2.32,45.91,46.26,145635480.0,359941834.4,45.66,-64189790.0,-194647952.8,6,6,50.0
2021-03-19,46.76,46.26,47.11,46.16,23.95,0.0,35475101,1667399293.0,0.0,46.63,46.66,47672420.0,185232150.4,46.26,-176079870.0,-468441315.6,7,11,38.89
2021-03-22,45.36,45.46,46.11,45.26,23.54,0.0,16571854,765405525.0,-1.73,45.68,45.96,49337880.0,66842060.0,45.46,-134620180.0,-317491244.0,3,13,18.75
2021-03-23,45.06,44.81,45.41,44.51,23.21,0.0,18412914,835143627.0,-1.43,44.96,44.86,25182840.0,75050720.0,44.71,-85143520.0,-439426680.0,5,12,29.41
2021-03-24,44.46,43.81,44.76,43.76,22.7,0.0,23728132,1055675354.0,-2.23,44.26,44.16,13396980.0,29158080.0,43.81,-159920000.0,-297109380.0,4,9,30.77
2021-03-25,44.16,44.21,44.46,43.96,22.9,0.0,12813025,573415385.0,0.91,44.21,44.36,46305809.2,54188568.800000004,44.31,-26198885.200000003,-104953274.00000001,3,7,30.0
2021-03-26,44.66,44.31,44.66,43.81,22.95,0.0,18152228,811525525.0,0.23,44.23,44.31,98778120.0,143017140.0,44.06,-42800832.8,-150806900.8,5,12,29.41
2021-03-29,44.11,44.56,44.71,43.96,23.08,0.0,13260056,596387218.0,0.56,44.33,44.51,15324322.0,35503385.6,44.36,-47791344.4,-166355099.2,5,10,33.33
2021-03-30,44.46,44.91,45.26,44.21,23.26,0.0,15280351,694106998.0,0.79,44.73,45.11,61075200.0,132876430.0,44.91,-68484680.0,-191496420.0,7,15,31.82
2021-03-31,45.41,44.96,45.41,44.61,23.28,0.0,10866829,494610838.0,0.11,45.01,45.06,23171790.0,65273760.0,44.96,-45902270.0,-167179230.0,6,8,42.86
2021-04-01,44.96,44.81,45.01,44.21,23.21,0.0,12255058,552489509.0,-0.33,44.61,44.81,37562900.0,41997540.0,44.56,-28423440.0,-144713411.2,3,10,23.08
2021-04-07,45.06,45.36,45.41,44.86,23.49,0.0,16572873,756945021.0,1.23,45.13,45.16,45569570.0,112451200.0,44.96,-40150890.0,-152556740.0,5,6,45.45
2021-04-08,45.56,46.31,46.41,45.41,23.98,0.0,25713164,1197649911.0,2.09,45.91,46.06,100977270.0,307575726.4,46.41,-20944980.0,-81988810.0,12,6,66.67
2021-04-09,46.31,46.01,46.31,45.76,23.82,0.0,11098917,516191282.0,-0.65,46.03,46.06,20715502.8,22192142.8,46.01,-58275016.0,-185292082.4,2,8,20.0
2021-04-12,46.06,45.26,46.06,45.16,23.44,0.0,9860297,452767110.0,-1.63,45.61,45.36,9422186.000000002,17962926.0,45.26,-80627690.0,-186206774.4,5,9,35.71
2021-04-13,45.76,45.46,46.26,45.31,23.54,0.0,15118571,698699296.0,0.44,45.78,46.01,25374140.0,87866233.35,45.81,-29541238.0,-100876210.0,9,8,52.94
2021-04-14,45.11,45.61,45.71,44.66,23.62,0.0,13996301,641683625.0,0.33,45.18,45.61,62467560.0,90922340.0,45.56,-17900200.0,-138190200.0,7,12,36.84
2021-04-15,45.21,45.11,45.31,44.86,23.36,0.0,9924102,452956345.0,-1.1,45.08,44.96,5103700.0,8234980.0,45.11,-65401120.0,-156558580.0,3,7,30.0
2021-04-16,45.06,44.66,45.06,44.66,23.13,0.0,18378114,832814723.0,-1.0,44.86,44.86,49053540.0,60742660.0,44.66,-152331380.0,-229375730.0,4,5,44.44
2021-04-19,45.16,45.46,45.66,45.01,23.54,0.0,15210590,697761635.0,1.79,45.33,45.46,111580780.0,182938900.0,45.26,-46148460.0,-124943860.0,4,8,33.33
2021-04-20,45.91,45.56,45.91,45.46,23.59,0.0,12387721,572529682.0,0.22,45.68,45.76,39956228.4,91342161.2,45.66,-60694230.8,-151881025.60000002,4,6,40.0
2021-04-21,44.76,44.66,44.86,44.26,23.13,0.0,20373435,918421370.0,-1.98,44.56,44.56,3631360.0,6784700.0,44.51,-67275290.0,-360176490.0,2,9,18.18
2021-04-22,44.71,44.31,44.91,44.16,22.95,0.0,12782245,574096403.0,-0.78,44.53,44.71,6081600.0,11706540.0,44.36,-76333599.19999999,-233452840.39999998,4,9,30.77
2021-04-23,44.01,44.26,44.36,43.91,22.93,0.0,17629618,786730062.0,-0.11,44.13,44.26,32589600.0,110674451.85,43.96,-82098020.0,-113561380.0,7,3,70.0
2021-04-26,44.31,44.56,44.66,44.16,23.08,0.0,13419376,603252361.0,0.68,44.41,44.36,21028920.0,48916280.0,44.56,-59683120.0,-188509250.0,5,6,45.45
2021-04-27,44.71,45.46,45.91,44.56,23.54,0.0,37078544,1699354391.0,2.02,45.23,45.41,229023150.0,517013420.0,45.46,-83256290.0,-312740570.0,14,11,56.0
2021-04-28,46.86,46.91,46.96,46.26,24.28,0.0,58529420,2763023993.0,3.19,46.61,46.86,138293860.0,535793300.0,46.91,-112986440.0,-304189220.0,7,6,53.85
2021-04-29,47.11,47.76,47.76,47.01,24.72,0.0,41514997,1993429190.0,1.81,47.38,47.56,204449120.0,480293169.2,47.36,-59534420.0,-119885360.0,9,5,64.29
2021-04-30,48.41,48.31,48.71,47.86,25.0,0.0,42504524,2072422222.0,1.15,48.28,48.01,109244230.0,435137230.0,48.26,-126383460.0,-292247300.0,8,8,50.0
2021-05-03,47.91,46.76,47.96,46.46,24.21,0.0,21405620,1012656063.0,-3.21,47.21,46.76,63123220.0,103254550.0,46.71,-107260790.0,-316171450.0,5,17,22.73
2021-05-04,46.61,47.61,47.71,46.31,24.64,0.0,20138490,960846708.0,1.82,47.01,47.41,46468501.199999996,241597235.6,46.46,-27561784.4,-111017579.2,16,11,59.26
2021-05-05,47.56,47.86,47.96,47.26,24.77,0.0,15685865,756328814.0,0.53,47.61,47.51,31145650.0,103336510.0,47.86,-56394430.0,-162231080.0,6,8,42.86
2021-05-06,48.46,48.61,48.86,47.96,25.15,0.0,26753953,1310444031.0,1.57,48.41,48.51,127223600.0,393826220.0,48.36,-45051880.0,-148318720.0,7,9,43.75
2021-05-07,48.61,48.56,48.76,48.21,25.13,0.0,19048698,934363000.0,-0.1,48.48,48.56,32130500.0,43997800.0,48.46,-98006120.0,-245742840.0,3,8,27.27
2021-05-10,48.81,48.61,48.81,48.21,25.15,0.0,15298184,750293094.0,0.1,48.51,48.51,17059720.0,61631850.0,48.61,-56679560.0,-67981120.0,7,3,70.0
2021-05-11,48.76,47.81,48.76,47.71,24.74,0.0,28033975,1362394722.0,-1.65,48.23,48.06,83020680.0,206636660.0,47.91,-80743780.0,-293100480.0,6,11,35.29
2021-05-12,47.66,47.41,47.96,46.76,24.54,0.0,27813578,1327974123.0,-0.84,47.36,46.91,39180040.0,62062090.0,47.31,-67780080.0,-423951984.1,7,14,33.33
2021-05-13,47.46,47.26,47.76,47.11,24.46,0.0,21113384,1011443859.0,-0.32,47.43,47.51,41478500.0,99011820.0,47.26,-151169010.0,-388646740.0,5,7,41.67
2021-05-14,48.01,48.21,48.26,47.51,24.95,0.0,20324649,985052979.0,2.01,47.88,48.21,88354780.0,226760096.0,47.76,-41573996.0,-157137082.4,8,8,50.0
2021-05-17,48.26,48.01,48.26,47.76,24.85,0.0,12371773,599878884.0,-0.41,48.01,48.01,58968060.0,81561410.0,47.91,-33092100.0,-92871460.0,4,7,36.36
2021-05-18,48.26,48.66,48.66,48.21,25.18,0.0,19932606,978051271.0,1.35,48.43,48.66,145889972.0,437336473.6,48.51,-28011740.8,-49895600.8,7,3,70.0
2021-05-20,48.06,47.91,48.21,47.71,24.8,0.0,13358656,647533960.0,-1.54,47.96,48.01,38084320.0,43147300.0,47.91,-38950010.0,-188308550.0,2,7,22.22
2021-05-21,48.41,48.01,48.41,47.76,24.85,0.0,12467940,605438937.0,0.21,48.08,48.26,15845180.0,39800480.0,48.01,-48716620.0,-105906720.0,5,7,41.67
2021-05-24,48.01,48.36,48.36,47.91,25.02,0.0,10481479,510507639.0,0.73,48.13,48.31,38131360.0,48591660.0,48.01,-53325360.0,-158503240.0,3,7,30.0
2021-05-25,48.46,48.66,48.66,48.16,25.18,0.0,16351186,801584012.0,0.62,48.41,48.61,74922500.0,124573080.0,48.66,-72688020.0,-183503180.0,3,7,30.0
2021-05-26,48.36,48.56,48.86,48.36,25.13,0.0,18894636,928282716.0,-0.21,48.61,48.86,118625020.0,220513900.0,48.56,-77399620.0,-192051820.0,5,5,50.0
2021-05-27,48.06,48.41,48.96,47.86,25.05,0.0,25587024,1255440628.0,-0.31,48.41,48.96,65651320.0,194700400.0,48.41,-171118920.0,-372238441.0,7,13,35.0
2021-05-28,48.91,50.26,50.31,48.81,26.0,0.0,68183830,3437525826.0,3.82,49.56,50.26,308579210.0,1248361538.0,50.11,-62239998.400000006,-187006783.60000002,18,9,66.67
2021-05-31,49.46,48.76,49.76,48.56,25.23,0.0,26498195,1311797581.0,-2.98,49.16,49.41,24086180.0,42308160.0,48.76,-141767767.60000002,-768366827.2000002,2,19,9.52
2021-06-01,48.76,49.21,49.31,48.11,25.46,0.0,31244407,1537303708.0,0.92,48.71,48.56,100355020.0,241689250.0,48.51,-293782200.0,-574683230.0,10,11,47.62
2021-06-02,48.71,48.61,48.91,48.51,25.15,0.0,13708995,674617837.0,-1.22,48.71,48.91,11521940.0,17179513.2,48.61,-93404984.0,-261753482.39999998,3,6,33.33
2021-06-03,49.06,48.26,49.16,48.11,24.97,0.0,16576262,812184093.0,-0.72,48.63,48.26,19950350.0,67217251.2,48.36,-41877212.0,-200433094.79999998,7,13,35.0
2021-06-04,48.56,48.01,48.66,48.01,24.85,0.0,39355852,1914518450.0,-0.52,48.33,48.36,29048300.0,106748157.6,48.01,-1066691280.0,-1215968160.0,5,6,45.45
2021-06-07,48.16,48.16,48.26,47.71,24.92,0.0,20767218,1007969842.0,0.31,47.98,48.26,5848510.0,5848510.0,48.16,-40890630.0,-161778510.0,1,11,8.33
2021-06-08,48.16,48.36,48.56,47.96,25.02,0.0,11774107,574906951.0,0.42,48.26,48.36,49882800.8,103764284.39999999,48.06,-40917482.0,-101308911.6,6,7,46.15
2021-06-09,48.16,47.86,48.36,47.81,24.77,0.0,9901617,480132666.0,-1.03,48.08,47.86,28451493.2,56455013.2,47.96,-97846980.0,-225109785.6,4,6,40.0
2021-06-10,47.46,47.11,47.66,46.91,24.38,0.0,29946579,1428738710.0,-1.57,47.28,47.06,47851070.0,178994378.8,47.11,-127500604.0,-486403226.8,7,8,46.67
2021-06-11,46.91,47.06,47.56,46.91,24.36,0.0,12460700,594384554.0,-0.11,47.23,47.51,16622620.0,40151020.0,47.16,-61605240.0,-230703599.35,3,10,23.08
2021-06-15,47.31,46.81,47.46,46.46,24.23,0.0,22382507,1059815146.0,-0.53,46.96,46.51,63551231.6,196293589.6,46.81,-93577636.4,-298593984.40000004,8,9,47.06
2021-06-16,47.11,47.56,47.81,46.86,24.62,0.0,18503780,888542888.0,1.6,47.33,47.56,92161220.8,226306398.8,46.96,-17474980.0,-83825398.8,8,11,42.11
2021-06-17,47.51,47.76,47.96,47.11,24.72,0.0,20179603,970316153.0,0.42,47.53,47.91,33640780.0,158994050.0,47.26,-76837700.0,-335481560.0,9,8,52.94
2021-06-18,47.06,46.66,47.11,46.56,24.16,0.0,26316274,1246655069.0,-2.3,46.83,46.91,30636320.0,84834070.0,46.66,-194179690.0,-541610870.0,5,7,41.67
2021-06-21,45.51,45.01,45.66,44.56,23.31,0.0,48269764,2193349204.0,-3.54,45.11,45.16,13652980.0,25949920.0,45.01,-281791300.0,-1104682669.6,2,11,15.38
2021-06-22,45.31,45.21,45.46,45.11,23.41,0.0,18034452,826750175.0,0.44,45.28,45.41,5682260.0,5682260.0,45.21,-108375420.0,-251231320.0,1,6,14.29
2021-06-23,45.11,45.51,45.91,44.76,23.57,0.0,15193950,698247614.0,0.66,45.33,45.66,22525173.6,105870367.6,45.51,-59281520.0,-177210625.60000002,9,13,40.91
2021-06-24,45.11,45.36,45.66,45.11,23.49,0.0,11924309,547885052.0,-0.33,45.38,45.46,40146030.0,111537942.0,45.26,-38585830.0,-51073990.0,7,3,70.0
2021-06-25,45.11,45.56,45.76,45.11,23.59,0.0,14515655,668999515.0,0.44,45.43,45.66,46945970.0,145690410.0,45.51,-16156790.0,-32428590.0,7,3,70.0
2021-06-28,45.56,45.36,45.66,44.96,23.49,0.0,9692425,445590264.0,-0.44,45.31,45.51,21198010.0,31033630.0,45.36,-81218390.0,-119641370.4,2,6,25.0
2021-06-29,45.01,44.71,45.06,44.46,23.16,0.0,27624318,1250095579.0,-1.43,44.76,44.81,18689250.0,28323910.0,44.71,-162957560.0,-450730750.0,4,8,33.33
2021-06-30,44.46,44.31,44.71,44.26,22.95,0.0,18489180,831701374.0,-0.89,44.48,44.61,18550860.0,32514220.0,44.31,-139948720.0,-371870276.8,2,7,22.22
2021-07-02,44.46,44.31,44.51,43.86,22.95,0.0,19693352,881164318.0,0.0,44.18,44.46,13601480.0,13601480.0,44.16,-112400920.0,-393821470.0,1,11,8.33
2021-07-05,43.66,44.61,44.86,43.56,23.11,0.0,13359656,601975607.0,0.68,44.21,44.61,53219661.6,150148042.0,43.66,-8733920.0,-30734308.4,14,5,73.68
2021-07-06,44.86,44.71,45.26,44.66,23.16,0.0,9120925,414052926.0,0.22,44.96,44.71,54764840.0,101944380.0,44.81,-18439820.0,-48781360.0,6,5,54.55
2021-07-07,44.16,44.06,44.36,43.81,22.82,0.0,15666078,698848760.0,-1.45,44.08,44.31,19130280.0,37836360.0,44.06,-117100820.0,-283135670.0,3,8,27.27
2021-07-08,44.06,43.41,44.16,43.36,22.49,0.0,18407518,812213935.0,-1.48,43.76,43.41,68910580.0,98390227.2,43.46,-103452360.0,-305794602.79999995,5,11,31.25
2021-07-09,42.56,43.01,43.46,42.56,22.29,0.0,25351506,1104061993.0,-0.92,43.01,43.11,95559560.0,149906260.0,43.01,-140146180.0,-361982582.4,5,9,35.71
2021-07-12,43.86,43.36,44.11,43.21,22.47,0.0,22710404,1001700547.0,0.81,43.66,43.76,21394576.400000006,127470733.6,43.66,-102726500.0,-330147573.6,8,10,44.44
2021-07-13,43.86,44.51,45.21,43.81,23.06,0.0,33285543,1502962583.0,2.65,44.51,44.91,96212240.0,339884633.65,44.51,-80954220.0,-256228020.0,15,14,51.72
2021-07-14,43.96,43.81,44.01,43.56,22.7,0.0,18052869,800087255.0,-1.57,43.78,43.91,17123000.0,32247780.0,43.66,-90991020.0,-297389560.0,2,6,25.0
2021-07-15,43.86,43.61,44.46,43.61,22.59,0.0,15488926,689948259.0,-0.46,44.03,43.61,55628460.0,126882260.0,43.81,-29012740.0,-125961550.0,8,10,44.44
2021-07-16,43.31,43.21,43.76,43.21,22.39,0.0,26105671,1145482653.0,-0.92,43.48,43.46,61869100.0,72903973.6,43.21,-614137000.0,-700038059.2,4,6,40.0
2021-07-19,42.66,42.21,42.66,41.86,21.88,0.0,31523366,1346939109.0,-2.31,42.26,42.16,12801813.600000001,24446749.199999996,42.06,-100394840.0,-424884714.0,3,9,25.0
2021-07-20,41.36,41.51,41.76,41.16,21.52,0.0,25482778,1071721123.0,-1.66,41.46,41.76,7472003.199999999,9697172.8,41.51,-109352825.6,-352015684.00000006,2,8,20.0
2021-07-21,41.51,41.81,42.01,41.16,21.67,0.0,16052542,675480147.0,0.72,41.58,41.81,66654500.0,66654500.0,41.41,-66823790.4,-263655113.60000002,1,14,6.67
2021-07-22,42.36,42.76,43.06,42.36,22.16,0.0,16395454,710409537.0,2.27,42.71,42.76,32172420.0,72467300.0,42.81,-45596540.0,-83193720.0,5,8,38.46
2021-07-23,42.46,42.41,42.51,42.11,21.98,0.0,11101508,476354344.0,-0.82,42.31,42.46,2385243.1999999993,3550823.1999999993,42.41,-35712880.0,-119463532.0,2,7,22.22
2021-07-26,42.16,41.81,42.51,41.51,21.67,0.0,31193503,1329095228.0,-1.41,42.01,42.41,12913960.0,35024480.0,41.96,-109162640.0,-445631430.0,5,10,33.33
2021-07-27,42.46,42.56,44.11,42.26,22.06,0.0,55446822,2423454130.0,1.79,43.18,42.96,56832900.0,312607780.0,42.56,-129934740.0,-512074889.6,14,18,43.75
2021-07-28,43.71,42.21,43.71,41.71,21.88,0.0,49441394,2117065152.0,-0.82,42.71,42.01,82216900.0,405321350.0,42.21,-146189000.0,-339828720.0,15,11,57.69
2021-07-29,42.16,42.36,42.51,41.56,21.95,0.0,25448823,1084308770.0,0.36,42.03,42.36,43736430.0,136028223.60000002,41.71,-93187151.2,-264207428.79999998,7,10,41.18
2021-07-30,42.11,42.51,42.91,42.01,22.03,0.0,16185572,696209535.0,0.35,42.46,42.51,102382279.19999999,137374541.6,42.46,-43608191.20000001,-149375628.0,6,10,37.5
2021-08-02,42.46,42.91,44.61,42.41,22.24,0.0,36821282,1624629088.0,0.94,43.51,43.81,79048440.0,335144286.0,42.91,-82336510.0,-466322428.79999995,18,19,48.65
2021-08-03,41.96,42.36,42.61,41.76,21.95,0.0,18272213,780762625.0,-1.28,42.18,42.06,5618000.0,9370480.0,42.36,-64611270.0,-327103800.0,2,14,12.5
2021-08-04,42.46,42.61,43.21,42.36,22.08,0.0,15157543,656613885.0,0.59,42.78,42.61,34121580.0,131264192.0,42.71,-31701370.0,-91348486.4,6,11,35.29
2021-08-05,42.26,42.76,42.91,42.16,22.16,0.0,12305819,531447295.0,0.35,42.53,42.36,11636800.0,20591860.0,42.76,-42951380.0,-172819100.0,2,12,14.29
2021-08-06,42.61,42.66,42.91,42.21,22.11,0.0,9975486,431035967.0,-0.23,42.56,42.81,14619387.600000003,24109473.200000003,42.66,-39512503.6,-96080932.8,4,8,33.33
2021-08-09,43.26,43.26,43.96,43.06,22.42,0.0,15900510,699700372.0,1.41,43.51,43.26,74114580.0,193125322.8,43.21,-25134260.0,-101904810.0,8,11,42.11
2021-08-10,43.46,43.26,43.66,42.86,22.42,0.0,12849612,561331969.0,0.0,43.26,43.31,17112640.0,50613560.0,42.96,-43650520.0,-128829960.0,4,8,33.33
2021-08-11,43.26,43.51,43.66,43.16,22.54,0.0,14315990,629369610.0,0.58,43.41,43.51,49906760.0,122424720.0,43.41,-34676524.0,-76014464.0,4,5,44.44
2021-08-12,43.66,43.76,44.06,43.51,22.67,0.0,14033896,621499060.0,0.57,43.78,43.96,52467640.0,70720060.0,43.76,-45710545.6,-152763980.0,2,7,22.22
2021-08-13,43.66,43.66,43.76,43.26,22.62,0.0,9546910,420792528.0,-0.23,43.51,43.51,24112665.6,43130718.400000006,43.36,-39339380.0,-132957685.6,4,7,36.36
2021-08-16,43.66,43.81,43.91,43.51,22.7,0.0,10595759,468747374.0,0.34,43.71,43.81,42636980.0,83078620.0,43.71,-26925340.0,-34152070.0,5,4,55.56
2021-08-17,43.31,43.31,43.66,43.11,22.44,0.0,18110419,795051786.0,-1.14,43.38,43.46,13637150.0,29829340.0,43.31,-100031160.0,-201870140.0,5,7,41.67
2021-08-18,43.06,42.86,43.41,42.76,22.21,0.0,16471095,717318348.0,-1.04,43.08,42.96,14810419.600000001,26856628.8,42.86,-103027780.0,-279044191.2,6,7,46.15
2021-08-19,42.9,42.35,42.9,42.1,21.67,0.0,21181086,896175151.0,-1.18,42.5,42.9,8923200.0,28297766.0,42.35,-95185820.0,-220394675.2,4,8,33.33
2021-08-20,42.05,42.05,42.35,41.8,21.52,0.0,20012870,841629447.0,-0.71,42.08,42.05,50464879.6,162025877.6,41.95,-73187649.19999999,-173434180.0,6,5,54.55
2021-08-23,42.45,42.4,42.6,42.05,21.7,0.0,18608494,787144394.0,0.83,42.32,42.4,90773760.0,156528460.0,42.25,-68081450.0,-145475270.0,7,5,58.33
2021-08-24,42.35,41.75,42.5,41.7,21.37,0.0,17218420,721405322.0,-1.53,42.1,41.75,81616809.2,112156309.2,41.85,-84751943.2,-269680582.4,2,10,16.67
2021-08-25,41.5,42.0,42.1,41.2,21.49,0.0,16413529,682763889.0,0.6,41.65,41.9,27307579.2,112692403.2,41.3,-70387890.8,-194742333.59999996,7,11,38.89
2021-08-26,42.15,42.15,42.4,41.8,21.57,0.0,14430942,606765079.0,0.36,42.1,41.9,66015200.0,134264540.0,42.2,-24206500.0,-78197160.0,4,8,33.33
2021-08-27,42.2,42.0,42.2,41.6,21.49,0.0,8890605,372130140.0,-0.36,41.9,42.05,5460760.0,12661800.0,41.85,-44367460.0,-169894740.0,3,7,30.0
2021-08-30,41.75,41.65,42.05,41.2,21.32,0.0,9553484,398060586.0,-0.83,41.62,41.8,14232800.0,35651320.0,41.65,-40665640.0,-137261620.0,5,11,31.25
2021-08-31,41.25,41.45,41.85,41.15,21.21,0.0,19040168,790068325.0,-0.48,41.5,41.5,12417200.0,18910455.2,41.45,-92796580.0,-252442329.2,3,11,21.43
2021-09-01,41.15,41.8,41.85,41.15,21.39,0.0,13973153,579952268.0,0.84,41.5,41.75,15064826.8,62595106.8,41.4,-55514995.2,-195178110.39999998,6,9,40.0
2021-09-02,41.3,41.35,41.55,41.05,21.16,0.0,20502999,846247215.0,-1.08,41.3,41.35,40581820.0,101948740.0,41.25,-93218440.0,-254297000.0,4,7,36.36
2021-09-03,41.15,41.45,41.8,41.15,21.21,0.0,29400411,1219212064.0,0.24,41.48,41.75,13686120.0,30670220.0,41.45,-681679040.0,-873777360.0,3,7,30.0
2021-09-06,41.45,41.4,41.7,41.25,21.19,0.0,24207987,1002713268.0,-0.12,41.48,41.4,9501760.0,16314540.0,41.25,-24665580.0,-65499000.0,2,7,22.22
2021-09-07,41.3,41.0,41.4,41.0,20.98,0.0,23797121,978236973.0,-0.97,41.2,41.35,15736320.0,39287620.0,41.05,-302006950.0,-466053530.0,3,5,37.5
2021-09-08,40.5,40.45,40.85,40.3,20.7,0.0,21636170,876256485.0,-1.34,40.58,40.4,36910287.6,92596117.6,40.45,-122131518.69999999,-245356152.7,4,5,44.44
2021-09-09,40.7,40.4,41.0,40.25,20.68,0.0,16569193,672709702.0,-0.12,40.62,40.85,36958960.0,71217920.0,40.55,-33815540.0,-193510000.0,6,9,40.0
2021-09-10,40.35,40.9,40.95,40.25,20.93,0.0,7986921,325514123.0,1.24,40.6,40.85,34669260.0,51694380.0,40.75,-26114880.0,-79127385.6,8,6,57.14
2021-09-13,40.5,40.7,40.85,40.15,20.83,0.0,8576584,347287201.0,-0.49,40.5,40.7,18678250.0,36131837.2,40.2,-21882080.0,-97200830.25,4,10,28.57
2021-09-14,40.7,40.2,41.1,40.1,20.57,0.0,19188693,774065487.0,-1.23,40.6,40.15,23410000.0,67742290.0,40.2,-61297310.0,-190279230.0,7,10,41.18
2021-09-15,40.6,40.1,40.6,40.0,20.52,0.0,14418368,579709244.0,-0.25,40.3,40.15,23322660.0,81413020.0,40.1,-91215214.2,-139877694.2,5,6,45.45
2021-09-16,40.6,40.0,40.6,39.6,20.47,0.0,19553563,779701561.0,-0.25,40.1,39.85,29279020.0,73623460.0,39.9,-36512520.0,-148183718.0,5,8,38.46
2021-09-17,39.7,40.25,40.4,39.1,20.6,0.0,28266370,1124640364.0,0.62,39.75,39.65,38655020.0,101689727.6,40.25,-116246729.2,-310011762.4,13,13,50.0
2021-09-20,39.9,39.0,39.95,38.95,19.96,0.0,23796781,937098198.0,-3.11,39.45,39.7,37269580.0,99713320.0,39.0,-115600120.0,-341466690.0,6,12,33.33
2021-09-21,38.35,38.8,39.0,38.3,19.86,0.0,18117762,701672001.0,-0.51,38.65,38.8,28662800.0,66109100.0,38.75,-29052760.0,-62812180.0,6,5,54.55
2021-09-23,39.3,39.75,39.95,39.2,20.34,0.0,20518033,814560066.0,2.45,39.58,39.95,28279680.0,85146100.0,39.75,-96534420.0,-189702240.0,5,7,41.67
2021-09-24,40.2,39.7,40.8,39.7,20.32,0.0,19052618,764908238.0,-0.13,40.25,40.65,36404080.0,114972084.8,40.35,-75794764.0,-334448495.2,6,12,33.33
2021-09-27,40.0,40.3,41.1,40.0,20.62,0.0,20332913,825082982.0,1.51,40.55,40.5,48956080.0,167845180.0,40.3,-57435560.0,-195011660.0,10,7,58.82
2021-09-28,41.25,40.85,41.25,40.6,20.9,0.0,29545281,1207462880.0,1.36,40.92,40.85,41953209.2,83229930.0,41.1,-70185720.0,-250994708.4,4,10,28.57
2021-09-29,40.5,41.25,41.6,40.3,21.11,0.0,30287737,1249893127.0,0.98,40.95,40.95,27006066.4,109886404.4,41.25,-116775988.4,-393058186.40000004,8,16,33.33
2021-09-30,41.0,40.95,41.3,40.6,20.96,0.0,13928675,570167468.0,-0.73,40.95,40.9,13976190.0,44896160.0,40.95,-33604470.0,-99497638.4,6,8,42.86
2021-10-04,40.6,40.5,40.8,40.05,20.73,0.0,21964896,884882283.0,-1.1,40.42,40.5,70008480.0,97780570.0,40.15,-53662210.0,-187780920.0,4,9,30.77
2021-10-05,40.5,41.1,41.2,40.3,21.03,0.0,15161212,619506137.0,1.48,40.75,41.1,78016805.2,144847708.7,40.8,-36643294.4,-73372455.2,7,9,43.75
2021-10-06,41.6,42.45,42.6,41.45,21.72,0.0,44032651,1856948394.0,3.28,42.03,42.45,256885925.2,495848686.4,42.3,-62184936.800000004,-224507825.6,10,8,55.56
2021-10-07,43.1,43.25,43.65,43.05,22.13,0.0,28342782,1229927340.0,1.88,43.35,43.6,132374444.0,193133373.6,43.5,-89818020.4,-342652083.6,4,8,33.33
2021-10-08,44.0,43.85,44.2,43.45,22.44,0.0,35626937,1560423279.0,1.39,43.82,44.1,39947760.0,151998950.0,43.6,-105220545.2,-385084114.0,7,8,46.67
2021-10-11,44.5,45.0,45.1,44.35,23.03,0.0,35485693,1589438457.0,2.62,44.72,44.9,89405140.0,208597040.0,45.0,-106904790.0,-445930480.0,5,9,35.71
2021-10-12,44.6,44.95,45.15,44.5,23.0,0.0,18769101,842405163.0,-0.11,44.82,44.9,47266990.0,74445330.0,44.8,-22715090.0,-119963931.2,5,7,41.67
2021-10-15,45.5,46.05,46.3,45.05,23.57,0.0,36966905,1694079636.0,2.45,45.68,46.1,146136850.0,455762160.0,45.75,-54198220.0,-195319080.0,9,13,40.91
2021-10-18,46.5,46.2,46.5,45.75,23.64,0.0,15426145,709672862.0,0.33,46.12,46.2,67728040.0,100512720.0,46.05,-36962400.8,-96051050.8,6,7,46.15
2021-10-19,46.2,46.15,46.45,45.95,23.62,0.0,10380137,478843525.0,-0.11,46.2,46.1,35087439.6,61983334.0,46.15,-45682900.0,-58407540.0,4,3,57.14
2021-10-20,46.15,46.35,46.35,45.5,23.72,0.0,19380588,892278664.0,0.43,45.92,46.35,78060380.0,148575208.8,45.75,-67553520.0,-241273810.0,6,10,37.5
2021-10-21,46.15,46.5,47.15,46.15,23.8,0.0,15830987,737922057.0,0.32,46.65,46.5,69212540.0,223805160.0,46.65,-25101300.0,-71043500.0,11,6,64.71
2021-10-22,46.75,46.5,46.9,46.3,23.8,0.0,11023281,512440471.0,0.0,46.6,46.7,6258050.0,6266270.0,46.5,-108488020.0,-200385767.2,2,10,16.67
2021-10-25,46.5,46.7,47.35,46.2,23.9,0.0,24895254,1162620155.0,0.43,46.78,46.95,95520710.0,193869552.8,46.55,-71945904.8,-222880505.5,6,13,31.58
2021-10-26,47.3,47.5,47.5,47.1,24.31,0.0,31599646,1493817316.0,1.71,47.3,47.5,95550540.0,186467330.4,47.2,-78637391.6,-107878900.79999998,4,4,50.0
2021-10-27,47.55,47.85,48.0,47.5,24.49,0.0,20701724,989693842.0,0.74,47.75,47.6,34459300.0,43754326.4,48.0,-86339693.6,-278675509.6,3,7,30.0
2021-10-28,47.4,47.0,47.4,46.5,24.05,0.0,27836706,1307727982.0,-1.78,46.95,46.85,28686260.0,96801648.0,47.0,-159685818.8,-399253716.79999995,5,12,29.41
2021-10-29,47.05,47.15,47.15,46.4,24.13,0.0,18167634,849243455.0,0.32,46.78,47.15,49468600.0,73347835.6,46.55,-75299952.0,-260748361.60000002,5,11,31.25
2021-11-01,46.55,46.95,47.0,46.35,24.03,0.0,12419384,580044372.0,-0.42,46.68,46.9,29953840.0,58657400.0,46.75,-70230760.0,-255124380.0,3,9,25.0
2021-11-02,47.45,47.05,47.6,46.95,24.08,0.0,10828361,511006595.0,0.21,47.28,47.15,16523542.399999999,31116282.4,47.05,-61750940.0,-166395598.8,4,10,28.57
2021-11-03,46.8,46.85,47.1,46.5,23.96,0.0,9965448,465800723.0,-0.43,46.8,47.0,10657800.0,10657800.0,46.85,-37219626.0,-129304718.8,1,10,9.09
2021-11-04,47.05,47.15,47.15,46.7,24.12,0.0,11599843,545022260.0,0.64,46.92,47.0,74816855.60000001,90080300.4,47.15,-75004635.6,-106829976.39999999,2,8,20.0
2021-11-05,45.0,45.45,45.5,44.6,23.25,0.0,32926856,1482362006.0,-3.61,45.05,45.45,81411400.0,229527609.2,45.0,-155635263.6,-591333118.4,7,12,36.84
2021-11-08,45.5,45.7,45.9,45.15,23.38,0.0,18990314,865412583.0,0.55,45.52,45.75,42572160.0,119183270.0,45.55,-53256200.0,-254312360.0,5,9,35.71
2021-11-09,45.7,45.55,45.75,45.3,23.29,0.0,8190048,372810295.0,-0.33,45.52,45.65,4362014.799999999,4572114.799999999,45.5,-31866040.0,-63247658.4,2,7,22.22
2021-11-10,45.3,45.3,45.35,44.6,23.16,0.0,18905544,848824524.0,-0.55,44.98,45.2,13500380.0,33943320.0,44.7,-96969660.0,-368775820.0,4,11,26.67
2021-11-11,45.0,45.45,45.8,44.9,23.24,0.0,14576796,662780108.0,0.33,45.35,45.65,29172565.6,68905177.2,45.35,-53653150.15,-197495791.35000002,6,11,35.29
2021-11-12,45.45,45.3,45.6,45.05,23.15,0.0,8890298,402700033.0,-0.33,45.32,45.1,12409340.0,24201270.0,45.3,-54561440.0,-145066170.0,3,8,27.27
2021-11-15,45.0,45.2,45.4,44.9,23.1,0.0,7145701,322525591.0,-0.22,45.15,45.15,16731088.8,19361368.8,45.2,-33488644.4,-111769441.59999998,2,7,22.22
2021-11-16,45.55,45.8,45.95,45.45,23.4,0.0,12596153,576294811.0,1.33,45.7,45.9,25394790.0,68356336.0,45.75,-44645540.0,-101842738.8,6,5,54.55
2021-11-17,45.7,46.0,46.0,45.65,23.5,0.0,12386061,568498531.0,0.44,45.82,45.95,24591333.2,24591333.2,46.0,-82154042.8,-219753937.60000002,1,5,16.67
2021-11-18,46.0,46.05,46.3,45.8,23.52,0.0,8437935,388344867.0,0.11,46.05,46.05,93756128.0,100697028.0,45.9,-31587588.8,-97272563.2,2,7,22.22
2021-11-19,46.1,46.05,46.1,45.65,23.52,0.0,8203492,376681378.0,0.0,45.88,45.95,15337152.8,15337152.8,46.05,-33263820.0,-100622036.0,1,8,11.11
2021-11-22,45.4,45.55,45.7,45.3,23.26,0.0,13158623,598359461.0,-1.09,45.5,45.45,19736530.0,26565250.0,45.4,-47599980.0,-113381730.0,2,6,25.0
2021-11-23,45.4,45.5,45.95,45.35,23.24,0.0,7401789,337169639.0,-0.11,45.65,45.5,24209080.0,38969940.0,45.65,-11357320.0,-49417453.6,4,8,33.33
2021-11-24,46.0,46.1,46.45,45.85,23.53,0.0,12898992,595739959.0,1.32,46.15,46.1,58272950.0,165106173.6,46.05,-18370920.0,-35418733.2,6,3,66.67
2021-11-25,46.1,46.15,46.5,45.55,23.56,0.0,9840572,452276532.0,0.11,46.02,46.15,53730110.4,79194094.55,46.05,-12387641.200000001,-54198628.400000006,5,8,38.46
2021-11-26,45.65,44.35,45.8,44.3,22.64,0.0,28426743,1273920753.0,-3.9,45.05,44.6,15609464.0,67235247.2,44.35,-188505900.0,-541184510.8,6,20,23.08
2021-11-29,43.95,43.75,44.35,43.55,22.33,0.0,25861647,1134986023.0,-1.35,43.95,44.25,17571260.0,54283140.0,43.75,-157894240.0,-385600870.0,5,12,29.41
2021-11-30,43.7,42.95,43.8,42.2,21.91,0.0,23878442,1022204368.0,-1.83,43.0,42.7,34004128.8,87361788.8,42.95,-93913120.0,-369579052.0,9,21,30.0
2021-12-01,43.3,43.5,43.85,43.0,22.19,0.0,15516736,675004510.0,1.28,43.42,43.5,70887420.0,118316570.0,43.55,-36219020.0,-88449280.0,7,7,50.0
2021-12-02,43.65,44.0,44.45,43.5,22.44,0.0,14713692,647791163.0,1.15,43.98,44.4,23216140.0,127143589.19999999,44.05,-21000412.4,-76207805.19999999,9,7,56.25
2021-12-03,44.5,44.85,45.3,44.35,22.87,0.0,35321341,1581858167.0,1.93,44.82,44.9,45624620.0,151094450.0,44.85,-700859346.0,-799552576.0,8,10,44.44
2021-12-06,44.5,44.85,44.95,44.25,22.86,0.0,21997237,984838847.0,0.0,44.6,44.85,76246226.4,147332816.0,44.5,-23191820.0,-80715446.0,6,8,42.86
2021-12-07,44.8,45.65,45.75,44.4,23.27,0.0,15839694,716971802.0,1.78,45.08,45.65,76750160.0,170375344.0,45.25,-8517090.0,-40907047.6,13,12,52.0
2021-12-08,45.95,45.5,45.95,45.1,23.19,0.0,8590654,389810095.0,-0.33,45.53,45.55,6973260.0,11384460.0,45.5,-53041160.0,-173738480.0,2,8,20.0
2021-12-09,45.45,45.3,45.9,45.15,23.09,0.0,6908033,313950666.0,-0.44,45.52,45.45,26311920.8,40529473.6,45.3,-69345168.8,-132490673.6,4,10,28.57
2021-12-10,45.1,45.2,45.4,44.95,23.04,0.0,6090109,275005721.0,-0.22,45.18,45.2,50865440.0,53899420.0,45.0,-11611720.0,-26945660.0,4,6,40.0
2021-12-13,45.2,45.1,45.25,44.5,22.99,0.0,10861423,489154371.0,-0.22,44.88,45.05,31040060.0,64483060.0,45.1,-60944426.0,-104915172.85,4,6,40.0
2021-12-14,44.15,44.5,44.6,44.15,22.68,0.0,7998591,354709542.0,-1.33,44.38,44.5,29506350.0,86571884.8,44.4,-31765222.8,-59250183.2,4,5,44.44
2021-12-15,44.7,44.95,45.4,44.45,22.91,0.0,11227978,505443419.0,1.01,44.92,45.3,80608199.6,100083675.19999999,44.95,-24725969.6,-99275760.4,7,9,43.75
2021-12-16,44.85,45.15,45.15,44.3,23.0,0.0,9989350,448114226.0,0.44,44.72,45.0,15289620.0,42265440.0,45.05,-24001740.0,-99874490.0,5,12,29.41
2021-12-17,46.3,46.4,46.75,46.05,23.64,0.0,39799001,1842460956.0,2.77,46.4,46.4,224232290.0,566233948.8,46.25,-66188376.79999999,-155811958.0,6,4,60.0
2021-12-20,45.8,45.5,46.0,45.35,23.17,0.0,16771986,764452562.0,-1.94,45.68,45.55,30656100.0,54487480.0,45.5,-63598220.0,-189033196.4,5,8,38.46
2021-12-21,45.7,45.45,45.75,45.2,23.14,0.0,12301373,559189191.0,-0.11,45.48,45.45,59488520.0,117452725.2,45.55,-61772438.0,-76667298.4,7,4,63.64
2021-12-22,45.6,45.7,45.75,45.3,23.27,0.0,8541568,388816560.0,0.55,45.52,45.7,45389060.0,76983900.0,45.45,-38152480.0,-100769540.0,3,5,37.5
2021-12-23,46.3,46.2,46.3,45.9,23.52,0.0,9198207,424167258.0,1.09,46.1,46.2,52368018.8,64330718.8,46.1,-51984555.2,-103280905.60000001,3,5,37.5
2021-12-24,46.55,46.45,46.6,46.3,23.65,0.0,6165831,286607796.0,0.54,46.45,46.5,52633699.99999999,94754320.0,46.45,-37048185.2,-45387128.0,3,3,50.0
2021-12-28,46.5,46.6,46.75,46.3,23.72,0.0,9461700,440517191.0,0.32,46.52,46.55,24410266.0,50389446.0,46.6,-30687161.6,-62261901.6,3,4,42.86
2021-12-29,46.8,46.85,46.85,46.5,23.84,0.0,10179627,475484495.0,0.54,46.68,46.85,115133160.0,184024820.0,46.75,-37430380.0,-68450380.0,4,4,50.0
2021-12-30,46.9,46.9,47.05,46.75,23.87,0.0,10553516,494981066.0,0.11,46.9,46.95,31148180.0,54913460.0,46.9,-74196480.0,-122118760.0,2,4,33.33
2021-12-31,46.95,46.9,47.15,46.7,23.87,0.0,5190692,243407361.0,0.0,46.92,46.95,43181560.0,48839160.0,46.85,-22702400.0,-55323860.0,3,5,37.5
2022-01-03,47.0,46.85,47.15,46.65,23.84,0.0,6711558,314285251.0,-0.11,46.9,47.1,7896220.0,12197860.0,46.85,-63526580.0,-147145560.0,3,6,33.33
2022-01-04,47.1,47.8,47.8,47.0,24.32,0.0,25500155,1212981837.0,2.03,47.4,47.8,196741340.0,503888952.4,47.5,-45828300.0,-133919225.19999999,9,7,56.25
2022-01-05,49.35,49.15,49.75,48.75,25.01,0.0,59292303,2910526840.0,2.82,49.25,49.35,213640360.0,767758720.8,48.9,-203856224.0,-586793727.4000001,9,9,50.0
2022-01-06,49.05,49.0,49.05,48.35,24.94,0.0,24559582,1196499820.0,-0.31,48.7,49.0,82887830.0,207697380.0,48.5,-52270760.0,-124965082.4,7,8,46.67
2022-01-07,50.1,50.1,50.15,49.75,25.48,0.0,67407695,3369227314.0,2.24,49.95,50.05,131810160.0,290236241.2,49.9,-206867090.0,-279936784.4,5,2,71.43
2022-01-10,50.8,51.7,51.75,50.6,26.3,0.0,59640904,3063579711.0,3.19,51.18,51.45,224591580.0,1031799560.0,51.25,-80582380.0,-143397940.0,11,6,64.71
2022-01-11,51.85,51.95,51.95,51.35,26.42,0.0,40783559,2107418940.0,0.48,51.65,51.95,217504080.0,425452760.0,51.7,-54422330.0,-138368688.5,6,6,50.0
2022-01-12,52.1,52.75,52.75,51.95,26.83,0.0,43066390,2254932261.0,1.54,52.35,52.75,222363860.0,816301140.0,52.5,-107064300.0,-286694340.0,9,5,64.29
2022-01-13,53.05,53.65,53.65,52.95,27.29,0.0,40548306,2160597092.0,1.71,53.3,53.25,153261412.0,732983001.6,53.55,-51164280.0,-99178738.4,9,4,69.23
2022-01-14,54.35,54.55,54.7,54.2,27.75,0.0,46404888,2529350515.0,1.68,54.45,54.6,269779170.0,851442060.0,54.3,-114409780.0,-264486590.0,6,3,66.67
2022-01-17,54.75,55.0,55.0,54.55,27.98,0.0,43715487,2396712054.0,0.82,54.78,54.8,265177019.2,802180982.3999999,55.0,-411524220.0,-411524220.0,8,1,88.89
2022-01-18,55.05,54.55,55.1,53.85,27.75,0.0,38858826,2119497310.0,-0.82,54.48,54.55,121076380.0,436704690.0,54.4,-60584560.0,-383916822.8,8,16,33.33
2022-01-19,54.5,54.7,54.7,54.2,27.82,0.0,27759299,1509763720.0,0.27,54.45,54.45,175102523.20000002,275887709.20000005,54.3,-73711523.19999999,-237938792.79999998,3,7,30.0
2022-01-20,54.3,54.4,54.4,53.5,27.67,0.0,30849593,1667529159.0,-0.55,53.95,54.4,93164360.0,317102960.0,54.05,-96968320.0,-401225240.0,8,10,44.44
2022-01-21,53.6,53.25,53.8,52.75,27.08,0.0,34875504,1852537591.0,-2.11,53.28,53.25,124460944.4,338977595.6,53.05,-116242300.8,-464834245.6,6,13,31.58
2022-01-24,52.65,53.3,53.45,52.6,27.11,0.0,13579536,722020769.0,0.09,53.03,53.1,62634644.8,83027347.6,53.3,-74791002.4,-254033770.79999998,6,11,35.29
2022-01-25,52.0,52.35,52.35,51.65,26.63,0.0,24734367,1285504225.0,-1.78,52.0,52.35,95301960.0,134809567.6,52.05,-57286977.2,-238929843.6,5,10,33.33
2022-01-26,53.35,53.9,54.0,53.35,27.4,0.0,28218489,1517365726.0,2.96,53.68,53.9,208452563.2,413108856.0,53.75,-134099143.19999999,-272228151.6,6,6,50.0
2022-01-27,54.35,54.65,54.65,53.7,27.78,0.0,34398346,1861170471.0,1.39,54.18,54.65,246957820.0,557904411.2,53.95,-79424837.2,-243613926.4,8,5,61.54
2022-01-28,55.3,55.6,55.75,55.15,28.27,0.0,54473659,3019092822.0,1.74,55.45,55.55,199218471.6,376449979.2,55.35,-214520633.99999997,-403829621.15,6,4,60.0
2022-01-31,55.0,55.15,55.3,54.25,28.04,0.0,18514629,1015692775.0,-0.81,54.78,55.3,39694800.0,133379242.39999999,54.65,-40917760.0,-255039112.4,6,14,30.0
2022-02-04,57.3,57.9,58.0,57.1,29.44,0.0,62749377,3615043042.0,4.99,57.55,57.3,539174110.0,1409623052.0,57.25,-76100540.4,-191669626.4,10,8,55.56
2022-02-07,57.5,57.9,57.9,57.1,29.42,0.0,22200614,1278884365.0,0.0,57.5,57.9,90869280.0,151276510.0,57.75,-133838948.4,-447706462.8,6,11,35.29
2022-02-08,58.5,58.8,58.8,58.35,29.88,0.0,29030418,1704567119.0,1.55,58.58,58.5,43547400.0,52921756.0,58.8,-284693422.4,-526855610.79999995,2,4,33.33
2022-02-09,59.0,59.3,59.55,58.9,30.13,0.0,30908859,1834304871.0,0.85,59.22,59.0,118212400.0,291886182.0,59.5,-201973988.0,-512442698.0,3,6,33.33
2022-02-10,58.8,58.75,58.9,58.0,29.85,0.0,18112418,1059521052.0,-0.93,58.45,58.85,19427560.0,53526847.6,58.25,-66582314.800000004,-374200468.0,6,11,35.29
2022-02-11,59.1,59.0,59.1,58.65,29.98,0.0,21586802,1270602555.0,0.43,58.88,59.1,24491040.0,25904346.799999997,58.8,-143682251.2,-474003252.2,2,7,22.22
2022-02-14,59.45,59.0,59.6,59.0,29.98,0.0,27627724,1638091340.0,0.0,59.3,59.45,133203652.4,251873750.4,59.0,-103557810.0,-421595971.6,6,6,50.0
2022-02-15,58.4,58.0,58.5,57.5,29.47,0.0,30082843,1742027572.0,-1.69,58.0,58.0,122316588.0,177713004.4,57.75,-98665628.4,-559328690.4000001,3,14,17.65
2022-02-16,58.45,58.5,58.65,58.1,29.72,0.0,17500241,1021294109.0,0.86,58.38,58.5,111618645.2,196969237.5,58.4,-58542710.0,-156397930.0,4,5,44.44
2022-02-17,57.85,58.0,58.05,57.4,29.47,0.0,17562099,1014023819.0,-0.85,57.72,57.75,87461700.0,223961020.0,57.7,-45767720.0,-142013193.6,5,8,38.46
2022-02-18,57.2,58.0,58.25,57.15,29.47,0.0,17898184,1036436093.0,0.0,57.7,57.8,35686186.8,144156190.0,58.0,-74796980.0,-145642241.6,10,7,58.82
2022-02-21,58.0,58.55,58.55,57.5,29.75,0.0,20272291,1177346317.0,0.95,58.02,58.0,73361740.0,173938170.0,58.5,-78828520.0,-330112871.0,8,13,38.1
2022-02-22,57.5,56.45,57.75,56.2,28.68,0.0,41858089,2377518251.0,-3.59,56.98,56.45,107220283.2,202773066.0,56.7,-156622646.00000003,-805116560.8000002,8,17,32.0
2022-02-23,57.85,58.1,58.2,57.5,11.02,0.0,32126802,1861186652.0,2.92,57.85,58.1,113003446.4,271980782.4,58.0,-88440388.8,-246198354.8,6,8,42.86
2022-02-24,57.6,56.15,57.75,55.7,10.65,0.0,40684122,2297489789.0,-3.36,56.72,57.5,50126960.0,197666361.6,56.15,-118609040.0,-955709043.2,12,29,29.27
2022-02-25,54.2,54.75,54.75,53.2,10.38,0.0,47466421,2569102538.0,-2.49,53.98,54.75,210113500.0,351724201.6,53.55,-107066080.0,-787653279.1999999,10,18,35.71
2022-02-28,55.7,54.1,55.7,53.8,10.26,0.0,37535471,2039556255.0,-1.19,54.75,54.1,132432790.39999999,349291128.79999995,54.05,-53477402.4,-453550053.99999994,11,21,34.38
2022-03-01,54.05,54.0,54.15,53.2,10.24,0.0,16963545,911751614.0,-0.18,53.68,54.0,76992623.6,133677379.6,53.85,-54550639.2,-178525880.39999998,8,11,42.11
2022-03-02,52.1,51.2,52.3,50.85,9.71,0.0,45247755,2328394166.0,-5.19,51.58,51.2,139615675.6,301349090.0,51.05,-92698575.6,-663017904.0,7,20,25.93
2022-03-03,52.6,53.3,53.4,52.05,10.1,0.0,29710818,1571284647.0,4.1,52.72,53.3,115282450.0,301044210.0,52.8,-65060010.0,-404905224.0,9,15,37.5
2022-03-04,50.9,51.5,51.85,50.9,9.76,0.0,63019166,3241102564.0,-3.38,51.38,51.55,26588078.5,77283086.1,51.5,-1781431630.4,-2105212202.4,6,12,33.33
2022-03-07,48.2,47.85,48.7,47.75,9.06,0.0,98387101,4814980360.0,-7.09,48.22,48.65,20072440.0,38364880.0,47.85,-287257010.0,-1597266642.8000002,3,15,16.67
2022-03-08,48.35,48.0,48.8,47.6,9.09,0.0,37056910,1784391631.0,0.31,48.2,48.0,152542240.0,203754420.0,47.85,-195472480.0,-634776550.0,5,20,20.0
2022-03-09,48.8,49.25,49.45,48.15,9.33,0.0,40079196,1958350046.0,2.6,48.8,49.25,113294684.4,351844679.6,48.85,-76587650.0,-446541098.00000006,11,14,44.0
2022-03-10,49.55,49.15,49.65,48.35,9.3,0.0,32042021,1569501860.0,2.73,49.0,49.55,42473865.476,47140636.27600001,48.8,-79590153.2,-543441820.8,3,16,15.79
2022-03-11,48.5,48.85,49.1,47.9,9.24,0.0,23734051,1151792594.0,-0.61,48.5,48.85,27305930.0,84906816.0,48.95,-36291960.0,-230492497.34999996,7,16,30.43
2022-03-14,48.85,49.6,49.65,48.6,9.38,0.0,30122708,1483960399.0,1.54,49.12,49.45,83691740.0,198330950.0,49.15,-73933130.0,-292740912.35,6,14,30.0
2022-03-15,49.8,49.2,49.8,48.55,9.3,0.0,44267673,2174450651.0,-0.81,49.18,49.2,72046730.4,406782540.40000004,49.05,-81707311.6,-327785945.99999994,12,11,52.17
2022-03-16,49.7,49.2,49.75,48.15,9.31,0.0,43856918,2140675701.0,0.0,48.95,49.2,112184520.0,230370640.8,48.8,-119029078.8,-717053838.8,6,20,23.08
2022-03-17,50.5,51.2,51.6,49.75,9.68,0.0,41290933,2099101129.0,4.07,50.68,50.5,70207628.8,165998374.0,51.2,-192062524.4,-825910839.6000001,6,27,18.18
2022-03-21,51.55,51.35,51.6,50.85,9.72,0.0,14342896,733930597.0,-0.1,51.22,51.4,33689120.0,79710100.0,51.0,-68932480.0,-122106670.0,6,9,40.0
2022-03-22,51.35,52.35,52.65,51.35,9.9,0.0,21445004,1120774921.0,1.95,52.0,51.85,20316560.0,95552264.0,52.35,-113232506.4,-288126910.0,9,7,56.25
2022-03-23,53.15,53.15,53.5,52.9,10.05,0.0,25529261,1359400117.0,1.53,53.2,53.15,36974100.0,84892800.0,53.35,-65944600.0,-221764078.5,5,8,38.46
2022-03-24,52.65,52.7,52.75,52.05,9.97,0.0,11682674,612829983.0,-0.85,52.4,52.7,52313120.0,108423900.0,52.35,-33901150.0,-147000998.4,4,11,26.67
2022-03-25,53.05,52.8,53.45,52.7,9.99,0.0,14829385,786057988.0,0.19,53.08,52.8,42387510.0,104360851.2,53.0,-77492750.0,-145186579.6,6,10,37.5
2022-03-28,53.2,53.75,53.85,53.1,10.17,0.0,15367982,822386593.0,1.8,53.48,53.45,36196660.0,128546920.0,53.8,-35951340.0,-162436819.2,5,9,35.71
2022-03-29,53.3,53.5,53.55,52.8,10.12,0.0,11940218,635574832.0,-0.47,53.18,53.35,17414380.0,53016872.0,53.5,-53630380.0,-175852034.4,6,9,40.0
2022-03-30,53.8,53.95,54.45,53.75,10.21,0.0,20820331,1125052840.0,0.84,54.1,54.25,17119460.0,41569460.0,53.95,-104882180.0,-212172570.7,7,5,58.33
2022-03-31,53.95,54.2,54.3,53.8,10.25,0.0,12951991,700040801.0,0.46,54.05,54.2,80860513.6,126383425.6,54.1,-41444109.6,-76249332.4,6,5,54.55
2022-04-01,53.7,54.35,54.35,53.4,10.28,0.0,8177523,441116751.0,0.28,53.88,54.35,73777560.0,112245260.0,54.15,-19997280.0,-62026640.0,11,7,61.11
2022-04-04,54.3,54.05,54.35,53.8,10.22,0.0,10779509,582349372.0,-0.55,54.08,54.3,-1129440.0,0.0,54.05,-101198321.6,-300407783.6,0,10,0.0
2022-04-06,53.9,53.7,54.05,53.15,10.15,0.0,17097274,917297269.0,-0.65,53.6,53.6,54411490.0,180279177.5,53.7,-54063920.0,-159903140.0,9,9,50.0
2022-04-07,53.3,53.45,53.8,53.3,10.1,0.0,11573734,619973874.0,-0.47,53.55,53.75,19416740.0,37749000.0,53.7,-58154560.0,-145326470.0,4,7,36.36
2022-04-08,53.5,53.95,53.95,53.4,10.2,0.0,10357713,556010071.0,0.94,53.68,53.95,47339700.0,80238020.0,53.65,-28559520.0,-88248200.0,3,9,25.0
2022-04-11,53.6,54.05,54.2,53.55,10.22,0.0,13750516,741089137.0,0.19,53.88,54.2,76452700.0,159530067.60000002,54.05,-28221676.0,-84180938.0,7,7,50.0
2022-04-12,54.35,53.35,54.35,53.25,10.08,0.0,14864663,797573672.0,-1.3,53.8,53.75,26992382.8,90936623.2,53.35,-124523618.4,-327396057.59999996,9,13,40.91
2022-04-13,52.7,53.3,53.4,52.65,10.07,0.0,11761552,624547797.0,-0.09,53.02,53.3,57050010.0,157571430.0,53.15,-26320860.0,-85633080.0,9,6,60.0
2022-04-14,53.2,53.25,53.3,52.85,10.06,0.0,10408286,552222065.0,-0.09,53.08,53.1,60922972.0,84831192.0,53.25,-40086080.0,-114679897.6,3,6,33.33
2022-04-19,52.8,53.45,53.5,52.35,10.09,0.0,14672531,776588249.0,0.38,52.92,53.45,53623767.2,166044644.8,53.05,-39009194.4,-167295830.8,9,13,40.91
2022-04-20,53.45,53.95,54.1,53.3,10.18,0.0,12920024,694814377.0,0.94,53.7,53.95,57847330.4,180145066.0,53.8,-23273701.2,-59239326.400000006,10,6,62.5
2022-04-21,54.7,55.0,55.1,54.55,10.38,0.0,24207791,1328494877.0,1.95,54.82,55.05,45784280.0,153349281.2,55.0,-149622940.0,-268514631.1,4,5,44.44
2022-04-22,54.0,54.15,54.35,53.5,10.21,0.0,15424898,832672464.0,-1.55,53.92,54.15,93748540.0,134809985.0,54.0,-34475220.0,-170028920.0,5,12,29.41
